id,y_pred
01/11/2025 00:00 - 01/11/2025 01:00,46.93601925223004
01/11/2025 01:00 - 01/11/2025 02:00,41.893676662866525
01/11/2025 02:00 - 01/11/2025 03:00,43.87744324478206
01/11/2025 03:00 - 01/11/2025 04:00,42.53926288236248
01/11/2025 04:00 - 01/11/2025 05:00,50.179806112652145
01/11/2025 05:00 - 01/11/2025 06:00,52.58342891559636
01/11/2025 06:00 - 01/11/2025 07:00,51.26369575508984
01/11/2025 07:00 - 01/11/2025 08:00,31.51439951385283
01/11/2025 08:00 - 01/11/2025 09:00,6.072283808607726
01/11/2025 09:00 - 01/11/2025 10:00,3.3696829878388717
01/11/2025 10:00 - 01/11/2025 11:00,6.507494244542835
01/11/2025 11:00 - 01/11/2025 12:00,21.4352946398151
01/11/2025 12:00 - 01/11/2025 13:00,38.31452568647066
01/11/2025 13:00 - 01/11/2025 14:00,59.76107216049172
01/11/2025 14:00 - 01/11/2025 15:00,68.1291045608408
01/11/2025 15:00 - 01/11/2025 16:00,80.12799256255026
01/11/2025 16:00 - 01/11/2025 17:00,88.2462463169449
01/11/2025 17:00 - 01/11/2025 18:00,85.76512788298649
01/11/2025 18:00 - 01/11/2025 19:00,79.30395724309776
01/11/2025 19:00 - 01/11/2025 20:00,72.31944977654112
01/11/2025 20:00 - 01/11/2025 21:00,76.33565879440279
01/11/2025 21:00 - 01/11/2025 22:00,75.38888972047377
01/11/2025 22:00 - 01/11/2025 23:00,58.72337308659752
01/11/2025 23:00 - 02/11/2025 00:00,56.86919697387657
02/11/2025 00:00 - 02/11/2025 01:00,47.19838475393344
02/11/2025 01:00 - 02/11/2025 02:00,45.56942963678764
02/11/2025 02:00 - 02/11/2025 03:00,51.34717858791029
02/11/2025 03:00 - 02/11/2025 04:00,50.28141279415319
02/11/2025 04:00 - 02/11/2025 05:00,60.57776177634773
02/11/2025 05:00 - 02/11/2025 06:00,64.04566552579664
02/11/2025 06:00 - 02/11/2025 07:00,68.13805817797436
02/11/2025 07:00 - 02/11/2025 08:00,71.82367698855163
02/11/2025 08:00 - 02/11/2025 09:00,75.48045751762919
02/11/2025 09:00 - 02/11/2025 10:00,75.6049241871784
02/11/2025 10:00 - 02/11/2025 11:00,78.37060019271792
02/11/2025 11:00 - 02/11/2025 12:00,78.40273379795693
02/11/2025 12:00 - 02/11/2025 13:00,79.43252091626414
02/11/2025 13:00 - 02/11/2025 14:00,82.09531490799358
02/11/2025 14:00 - 02/11/2025 15:00,89.99139750906208
02/11/2025 15:00 - 02/11/2025 16:00,96.95576304290172
02/11/2025 16:00 - 02/11/2025 17:00,103.80501512041008
02/11/2025 17:00 - 02/11/2025 18:00,103.58846265623433
02/11/2025 18:00 - 02/11/2025 19:00,99.83275867244372
02/11/2025 19:00 - 02/11/2025 20:00,93.2769325217697
02/11/2025 20:00 - 02/11/2025 21:00,91.96483497102655
02/11/2025 21:00 - 02/11/2025 22:00,90.84857019657909
02/11/2025 22:00 - 02/11/2025 23:00,82.50707399434097
02/11/2025 23:00 - 03/11/2025 00:00,74.97780447978111
03/11/2025 00:00 - 03/11/2025 01:00,65.51765368283729
03/11/2025 01:00 - 03/11/2025 02:00,62.32958067614134
03/11/2025 02:00 - 03/11/2025 03:00,61.77577017886511
03/11/2025 03:00 - 03/11/2025 04:00,65.82004555446461
03/11/2025 04:00 - 03/11/2025 05:00,73.27458941488189
03/11/2025 05:00 - 03/11/2025 06:00,81.42415155986723
03/11/2025 06:00 - 03/11/2025 07:00,104.74748249327763
03/11/2025 07:00 - 03/11/2025 08:00,99.55999860523801
03/11/2025 08:00 - 03/11/2025 09:00,85.88743235842041
03/11/2025 09:00 - 03/11/2025 10:00,74.88931724030913
03/11/2025 10:00 - 03/11/2025 11:00,67.20246333793817
03/11/2025 11:00 - 03/11/2025 12:00,60.72768941497196
03/11/2025 12:00 - 03/11/2025 13:00,65.40482791758026
03/11/2025 13:00 - 03/11/2025 14:00,76.56992665434697
03/11/2025 14:00 - 03/11/2025 15:00,90.66158556755674
03/11/2025 15:00 - 03/11/2025 16:00,103.75535573840598
03/11/2025 16:00 - 03/11/2025 17:00,112.48239347387654
03/11/2025 17:00 - 03/11/2025 18:00,115.96136027229456
03/11/2025 18:00 - 03/11/2025 19:00,101.11061735334665
03/11/2025 19:00 - 03/11/2025 20:00,92.0805126390454
03/11/2025 20:00 - 03/11/2025 21:00,80.3827537313762
03/11/2025 21:00 - 03/11/2025 22:00,82.91023213350633
03/11/2025 22:00 - 03/11/2025 23:00,76.84222361868035
03/11/2025 23:00 - 04/11/2025 00:00,69.56103446232252
04/11/2025 00:00 - 04/11/2025 01:00,64.48017112157626
04/11/2025 01:00 - 04/11/2025 02:00,65.80830250487533
04/11/2025 02:00 - 04/11/2025 03:00,67.47866964882749
04/11/2025 03:00 - 04/11/2025 04:00,73.87771570614595
04/11/2025 04:00 - 04/11/2025 05:00,73.6852146250717
04/11/2025 05:00 - 04/11/2025 06:00,93.69587047958345
04/11/2025 06:00 - 04/11/2025 07:00,111.35053574119465
04/11/2025 07:00 - 04/11/2025 08:00,101.7701578445075
04/11/2025 08:00 - 04/11/2025 09:00,89.12429879821255
04/11/2025 09:00 - 04/11/2025 10:00,81.2072929657306
04/11/2025 10:00 - 04/11/2025 11:00,73.55695719620367
04/11/2025 11:00 - 04/11/2025 12:00,67.11175632000173
04/11/2025 12:00 - 04/11/2025 13:00,72.81283239626033
04/11/2025 13:00 - 04/11/2025 14:00,83.61111103046653
04/11/2025 14:00 - 04/11/2025 15:00,97.32451246855908
04/11/2025 15:00 - 04/11/2025 16:00,108.26039130368197
04/11/2025 16:00 - 04/11/2025 17:00,102.74159598553139
04/11/2025 17:00 - 04/11/2025 18:00,100.16697590741735
04/11/2025 18:00 - 04/11/2025 19:00,97.11396142618719
04/11/2025 19:00 - 04/11/2025 20:00,88.59648042565556
04/11/2025 20:00 - 04/11/2025 21:00,77.51272665121577
04/11/2025 21:00 - 04/11/2025 22:00,73.7082570906522
04/11/2025 22:00 - 04/11/2025 23:00,65.44348389112396
04/11/2025 23:00 - 05/11/2025 00:00,62.37333023612382
05/11/2025 00:00 - 05/11/2025 01:00,53.116138326313944
05/11/2025 01:00 - 05/11/2025 02:00,53.151499021907696
05/11/2025 02:00 - 05/11/2025 03:00,54.34472616488093
05/11/2025 03:00 - 05/11/2025 04:00,62.71758154254434
05/11/2025 04:00 - 05/11/2025 05:00,69.02940807649269
05/11/2025 05:00 - 05/11/2025 06:00,88.07331542874257
05/11/2025 06:00 - 05/11/2025 07:00,110.96595127221342
05/11/2025 07:00 - 05/11/2025 08:00,102.05665231848488
05/11/2025 08:00 - 05/11/2025 09:00,83.63996830073717
05/11/2025 09:00 - 05/11/2025 10:00,70.48959047760978
05/11/2025 10:00 - 05/11/2025 11:00,78.14776782374983
05/11/2025 11:00 - 05/11/2025 12:00,78.51412398681524
05/11/2025 12:00 - 05/11/2025 13:00,85.94082387719729
05/11/2025 13:00 - 05/11/2025 14:00,92.60998268127095
05/11/2025 14:00 - 05/11/2025 15:00,125.55165937790345
05/11/2025 15:00 - 05/11/2025 16:00,147.65570572471174
05/11/2025 16:00 - 05/11/2025 17:00,137.66381730050233
05/11/2025 17:00 - 05/11/2025 18:00,138.47215849419806
05/11/2025 18:00 - 05/11/2025 19:00,119.48610495611682
05/11/2025 19:00 - 05/11/2025 20:00,111.02701951113168
05/11/2025 20:00 - 05/11/2025 21:00,104.41994109095366
05/11/2025 21:00 - 05/11/2025 22:00,100.42998409119501
05/11/2025 22:00 - 05/11/2025 23:00,93.70391513136359
05/11/2025 23:00 - 06/11/2025 00:00,88.1319543634813
06/11/2025 00:00 - 06/11/2025 01:00,85.75913892849233
06/11/2025 01:00 - 06/11/2025 02:00,85.06007177039213
06/11/2025 02:00 - 06/11/2025 03:00,83.76931928871267
06/11/2025 03:00 - 06/11/2025 04:00,87.29704705811928
06/11/2025 04:00 - 06/11/2025 05:00,100.67417132746795
06/11/2025 05:00 - 06/11/2025 06:00,109.78700504396318
06/11/2025 06:00 - 06/11/2025 07:00,134.39568639054
06/11/2025 07:00 - 06/11/2025 08:00,126.06113300127797
06/11/2025 08:00 - 06/11/2025 09:00,100.01954955652337
06/11/2025 09:00 - 06/11/2025 10:00,82.96941103760055
06/11/2025 10:00 - 06/11/2025 11:00,80.9985779745699
06/11/2025 11:00 - 06/11/2025 12:00,79.56825662495672
06/11/2025 12:00 - 06/11/2025 13:00,91.38091114330315
06/11/2025 13:00 - 06/11/2025 14:00,112.12451371734673
06/11/2025 14:00 - 06/11/2025 15:00,125.18227652571751
06/11/2025 15:00 - 06/11/2025 16:00,146.87787152786612
06/11/2025 16:00 - 06/11/2025 17:00,145.13425978866115
06/11/2025 17:00 - 06/11/2025 18:00,136.49870601077833
06/11/2025 18:00 - 06/11/2025 19:00,128.23274154903052
06/11/2025 19:00 - 06/11/2025 20:00,112.96859674003
06/11/2025 20:00 - 06/11/2025 21:00,105.78039575159835
06/11/2025 21:00 - 06/11/2025 22:00,97.97254902865919
06/11/2025 22:00 - 06/11/2025 23:00,93.74028689168156
06/11/2025 23:00 - 07/11/2025 00:00,98.87150166566127
07/11/2025 00:00 - 07/11/2025 01:00,95.8582735889264
07/11/2025 01:00 - 07/11/2025 02:00,94.47548844996086
07/11/2025 02:00 - 07/11/2025 03:00,91.5784095073015
07/11/2025 03:00 - 07/11/2025 04:00,99.61695905362245
07/11/2025 04:00 - 07/11/2025 05:00,101.55293298376975
07/11/2025 05:00 - 07/11/2025 06:00,127.83584489552234
07/11/2025 06:00 - 07/11/2025 07:00,151.10478292794005
07/11/2025 07:00 - 07/11/2025 08:00,142.39900852705378
07/11/2025 08:00 - 07/11/2025 09:00,110.67924712488929
07/11/2025 09:00 - 07/11/2025 10:00,95.6704934583907
07/11/2025 10:00 - 07/11/2025 11:00,97.09876619129417
07/11/2025 11:00 - 07/11/2025 12:00,96.10923631657369
07/11/2025 12:00 - 07/11/2025 13:00,95.24103582860891
07/11/2025 13:00 - 07/11/2025 14:00,116.45161784704497
07/11/2025 14:00 - 07/11/2025 15:00,150.57317391507686
07/11/2025 15:00 - 07/11/2025 16:00,167.13705965505028
07/11/2025 16:00 - 07/11/2025 17:00,168.1973481368068
07/11/2025 17:00 - 07/11/2025 18:00,162.6813702266674
07/11/2025 18:00 - 07/11/2025 19:00,152.06961921017754
07/11/2025 19:00 - 07/11/2025 20:00,139.39713007048238
07/11/2025 20:00 - 07/11/2025 21:00,112.76412264606859
07/11/2025 21:00 - 07/11/2025 22:00,110.0415223511122
07/11/2025 22:00 - 07/11/2025 23:00,97.27646996286117
07/11/2025 23:00 - 08/11/2025 00:00,97.02297795390479
08/11/2025 00:00 - 08/11/2025 01:00,96.25294373781335
08/11/2025 01:00 - 08/11/2025 02:00,98.43851107496147
08/11/2025 02:00 - 08/11/2025 03:00,95.55054693735059
08/11/2025 03:00 - 08/11/2025 04:00,95.05885353963724
08/11/2025 04:00 - 08/11/2025 05:00,102.12368806410483
08/11/2025 05:00 - 08/11/2025 06:00,115.29971500707084
08/11/2025 06:00 - 08/11/2025 07:00,125.0778536128742
08/11/2025 07:00 - 08/11/2025 08:00,123.19903039798943
08/11/2025 08:00 - 08/11/2025 09:00,106.64664852428554
08/11/2025 09:00 - 08/11/2025 10:00,98.78352744305093
08/11/2025 10:00 - 08/11/2025 11:00,92.43601783224071
08/11/2025 11:00 - 08/11/2025 12:00,90.77104182695435
08/11/2025 12:00 - 08/11/2025 13:00,96.23751312788043
08/11/2025 13:00 - 08/11/2025 14:00,102.32419094971401
08/11/2025 14:00 - 08/11/2025 15:00,130.07211528060174
08/11/2025 15:00 - 08/11/2025 16:00,151.63894597547596
08/11/2025 16:00 - 08/11/2025 17:00,165.43891321172063
08/11/2025 17:00 - 08/11/2025 18:00,155.89742648359297
08/11/2025 18:00 - 08/11/2025 19:00,138.59581255059862
08/11/2025 19:00 - 08/11/2025 20:00,126.53343243750098
08/11/2025 20:00 - 08/11/2025 21:00,105.75031258900519
08/11/2025 21:00 - 08/11/2025 22:00,106.18377174657086
08/11/2025 22:00 - 08/11/2025 23:00,97.51766791638936
08/11/2025 23:00 - 09/11/2025 00:00,102.12353485967783
09/11/2025 00:00 - 09/11/2025 01:00,99.03511343416
09/11/2025 01:00 - 09/11/2025 02:00,97.40267194377564
09/11/2025 02:00 - 09/11/2025 03:00,97.64441926790701
09/11/2025 03:00 - 09/11/2025 04:00,98.26335968697583
09/11/2025 04:00 - 09/11/2025 05:00,97.2239719239387
09/11/2025 05:00 - 09/11/2025 06:00,98.93854382669858
09/11/2025 06:00 - 09/11/2025 07:00,108.42899268231723
09/11/2025 07:00 - 09/11/2025 08:00,108.43630858875335
09/11/2025 08:00 - 09/11/2025 09:00,109.45972919196349
09/11/2025 09:00 - 09/11/2025 10:00,110.44518660594288
09/11/2025 10:00 - 09/11/2025 11:00,102.63497437072414
09/11/2025 11:00 - 09/11/2025 12:00,102.07027611758797
09/11/2025 12:00 - 09/11/2025 13:00,103.4414369094098
09/11/2025 13:00 - 09/11/2025 14:00,106.47653329585457
09/11/2025 14:00 - 09/11/2025 15:00,118.16449781905047
09/11/2025 15:00 - 09/11/2025 16:00,130.80961789806614
09/11/2025 16:00 - 09/11/2025 17:00,152.037561086664
09/11/2025 17:00 - 09/11/2025 18:00,153.9304015958118
09/11/2025 18:00 - 09/11/2025 19:00,138.70284857559943
09/11/2025 19:00 - 09/11/2025 20:00,125.86873157551885
09/11/2025 20:00 - 09/11/2025 21:00,112.72673057791235
09/11/2025 21:00 - 09/11/2025 22:00,109.81760737384434
09/11/2025 22:00 - 09/11/2025 23:00,99.9900630080241
09/11/2025 23:00 - 10/11/2025 00:00,96.95226972736499
10/11/2025 00:00 - 10/11/2025 01:00,95.85888098304358
10/11/2025 01:00 - 10/11/2025 02:00,96.07047750786974
10/11/2025 02:00 - 10/11/2025 03:00,95.0973532515745
10/11/2025 03:00 - 10/11/2025 04:00,95.2592025034426
10/11/2025 04:00 - 10/11/2025 05:00,97.70130131616199
10/11/2025 05:00 - 10/11/2025 06:00,107.52011748665757
10/11/2025 06:00 - 10/11/2025 07:00,128.5070575644714
10/11/2025 07:00 - 10/11/2025 08:00,129.94132490693477
10/11/2025 08:00 - 10/11/2025 09:00,117.5316062264784
10/11/2025 09:00 - 10/11/2025 10:00,106.22091346867475
10/11/2025 10:00 - 10/11/2025 11:00,101.30426585880993
10/11/2025 11:00 - 10/11/2025 12:00,100.51719408542421
10/11/2025 12:00 - 10/11/2025 13:00,99.01442489362405
10/11/2025 13:00 - 10/11/2025 14:00,99.65734495353263
10/11/2025 14:00 - 10/11/2025 15:00,113.79185247737315
10/11/2025 15:00 - 10/11/2025 16:00,130.30579279877722
10/11/2025 16:00 - 10/11/2025 17:00,140.44637275499844
10/11/2025 17:00 - 10/11/2025 18:00,137.51066574257885
10/11/2025 18:00 - 10/11/2025 19:00,122.89060163327369
10/11/2025 19:00 - 10/11/2025 20:00,109.94199933701044
10/11/2025 20:00 - 10/11/2025 21:00,90.79594628673271
10/11/2025 21:00 - 10/11/2025 22:00,84.92040742208286
10/11/2025 22:00 - 10/11/2025 23:00,82.26910660138574
10/11/2025 23:00 - 11/11/2025 00:00,83.4129078878629
11/11/2025 00:00 - 11/11/2025 01:00,78.7178959505369
11/11/2025 01:00 - 11/11/2025 02:00,81.17351898781862
11/11/2025 02:00 - 11/11/2025 03:00,75.75827721840912
11/11/2025 03:00 - 11/11/2025 04:00,74.22551911169074
11/11/2025 04:00 - 11/11/2025 05:00,82.42175990122325
11/11/2025 05:00 - 11/11/2025 06:00,95.43569618259083
11/11/2025 06:00 - 11/11/2025 07:00,123.44187893080975
11/11/2025 07:00 - 11/11/2025 08:00,131.09355349713312
11/11/2025 08:00 - 11/11/2025 09:00,123.3863121469566
11/11/2025 09:00 - 11/11/2025 10:00,104.61892204035082
11/11/2025 10:00 - 11/11/2025 11:00,96.9855777068559
11/11/2025 11:00 - 11/11/2025 12:00,92.12757019052623
11/11/2025 12:00 - 11/11/2025 13:00,96.02435034760279
11/11/2025 13:00 - 11/11/2025 14:00,106.4817484447763
11/11/2025 14:00 - 11/11/2025 15:00,114.92361068424002
11/11/2025 15:00 - 11/11/2025 16:00,129.76296615775047
11/11/2025 16:00 - 11/11/2025 17:00,141.7541456787959
11/11/2025 17:00 - 11/11/2025 18:00,122.72940055210991
11/11/2025 18:00 - 11/11/2025 19:00,102.0657054103158
11/11/2025 19:00 - 11/11/2025 20:00,89.1336264955452
11/11/2025 20:00 - 11/11/2025 21:00,86.97979306497973
11/11/2025 21:00 - 11/11/2025 22:00,86.86741630529227
11/11/2025 22:00 - 11/11/2025 23:00,84.54846747659278
11/11/2025 23:00 - 12/11/2025 00:00,79.53411419398996
12/11/2025 00:00 - 12/11/2025 01:00,77.01982808069657
12/11/2025 01:00 - 12/11/2025 02:00,74.66839652528385
12/11/2025 02:00 - 12/11/2025 03:00,75.90862520957525
12/11/2025 03:00 - 12/11/2025 04:00,77.2777152769233
12/11/2025 04:00 - 12/11/2025 05:00,82.82494336798322
12/11/2025 05:00 - 12/11/2025 06:00,88.7769472399402
12/11/2025 06:00 - 12/11/2025 07:00,109.64262418218135
12/11/2025 07:00 - 12/11/2025 08:00,106.52004978350516
12/11/2025 08:00 - 12/11/2025 09:00,87.77688646465991
12/11/2025 09:00 - 12/11/2025 10:00,81.51892516210961
12/11/2025 10:00 - 12/11/2025 11:00,78.05326423930833
12/11/2025 11:00 - 12/11/2025 12:00,75.0596423794401
12/11/2025 12:00 - 12/11/2025 13:00,79.59140049987684
12/11/2025 13:00 - 12/11/2025 14:00,93.35295479120607
12/11/2025 14:00 - 12/11/2025 15:00,109.9791972585615
12/11/2025 15:00 - 12/11/2025 16:00,114.45929481230941
12/11/2025 16:00 - 12/11/2025 17:00,116.845010373012
12/11/2025 17:00 - 12/11/2025 18:00,99.66252085182988
12/11/2025 18:00 - 12/11/2025 19:00,91.1428308860021
12/11/2025 19:00 - 12/11/2025 20:00,81.43200282373313
12/11/2025 20:00 - 12/11/2025 21:00,71.31427492744514
12/11/2025 21:00 - 12/11/2025 22:00,69.39313134582449
12/11/2025 22:00 - 12/11/2025 23:00,52.960994981523996
12/11/2025 23:00 - 13/11/2025 00:00,44.20633338823781
13/11/2025 00:00 - 13/11/2025 01:00,36.049227987123714
13/11/2025 01:00 - 13/11/2025 02:00,32.155423071689455
13/11/2025 02:00 - 13/11/2025 03:00,38.808020274118235
13/11/2025 03:00 - 13/11/2025 04:00,40.139780808294226
13/11/2025 04:00 - 13/11/2025 05:00,54.903312469650615
13/11/2025 05:00 - 13/11/2025 06:00,69.49955997966691
13/11/2025 06:00 - 13/11/2025 07:00,83.99369810760344
13/11/2025 07:00 - 13/11/2025 08:00,82.23905892138427
13/11/2025 08:00 - 13/11/2025 09:00,65.9781746644041
13/11/2025 09:00 - 13/11/2025 10:00,52.04654125565146
13/11/2025 10:00 - 13/11/2025 11:00,41.734641069270026
13/11/2025 11:00 - 13/11/2025 12:00,47.35892834347745
13/11/2025 12:00 - 13/11/2025 13:00,66.20055014712028
13/11/2025 13:00 - 13/11/2025 14:00,72.81596606378798
13/11/2025 14:00 - 13/11/2025 15:00,103.9457980065108
13/11/2025 15:00 - 13/11/2025 16:00,115.40029733102182
13/11/2025 16:00 - 13/11/2025 17:00,125.3849784280158
13/11/2025 17:00 - 13/11/2025 18:00,121.45052855140916
13/11/2025 18:00 - 13/11/2025 19:00,113.32969618025047
13/11/2025 19:00 - 13/11/2025 20:00,107.19805503321719
13/11/2025 20:00 - 13/11/2025 21:00,99.83047270269235
13/11/2025 21:00 - 13/11/2025 22:00,97.96591008257977
13/11/2025 22:00 - 13/11/2025 23:00,92.07103630504378
13/11/2025 23:00 - 14/11/2025 00:00,91.61233728280389
14/11/2025 00:00 - 14/11/2025 01:00,89.96918709629036
14/11/2025 01:00 - 14/11/2025 02:00,87.20604334460224
14/11/2025 02:00 - 14/11/2025 03:00,85.42415677225124
14/11/2025 03:00 - 14/11/2025 04:00,89.54979820450747
14/11/2025 04:00 - 14/11/2025 05:00,91.98535585263461
14/11/2025 05:00 - 14/11/2025 06:00,111.83561751799982
14/11/2025 06:00 - 14/11/2025 07:00,140.86056488403855
14/11/2025 07:00 - 14/11/2025 08:00,124.9832719543041
14/11/2025 08:00 - 14/11/2025 09:00,108.286923819361
14/11/2025 09:00 - 14/11/2025 10:00,92.25139907385103
14/11/2025 10:00 - 14/11/2025 11:00,86.90567509971635
14/11/2025 11:00 - 14/11/2025 12:00,89.08918413834684
14/11/2025 12:00 - 14/11/2025 13:00,89.78089227625006
14/11/2025 13:00 - 14/11/2025 14:00,102.01163096337535
14/11/2025 14:00 - 14/11/2025 15:00,119.91272978612716
14/11/2025 15:00 - 14/11/2025 16:00,139.2834149317683
14/11/2025 16:00 - 14/11/2025 17:00,152.1265715196353
14/11/2025 17:00 - 14/11/2025 18:00,135.855627695516
14/11/2025 18:00 - 14/11/2025 19:00,128.00917308040025
14/11/2025 19:00 - 14/11/2025 20:00,111.09007658175041
14/11/2025 20:00 - 14/11/2025 21:00,107.47718855660105
14/11/2025 21:00 - 14/11/2025 22:00,91.68246660634914
14/11/2025 22:00 - 14/11/2025 23:00,89.1986702308331
14/11/2025 23:00 - 15/11/2025 00:00,84.190095292409
15/11/2025 00:00 - 15/11/2025 01:00,81.56835246832438
15/11/2025 01:00 - 15/11/2025 02:00,74.82241784247978
15/11/2025 02:00 - 15/11/2025 03:00,71.4322231976812
15/11/2025 03:00 - 15/11/2025 04:00,70.39992218114341
15/11/2025 04:00 - 15/11/2025 05:00,67.59737184081683
15/11/2025 05:00 - 15/11/2025 06:00,72.85388299144216
15/11/2025 06:00 - 15/11/2025 07:00,83.41629283524789
15/11/2025 07:00 - 15/11/2025 08:00,89.44575293484033
15/11/2025 08:00 - 15/11/2025 09:00,82.64425720528637
15/11/2025 09:00 - 15/11/2025 10:00,75.84601020923682
15/11/2025 10:00 - 15/11/2025 11:00,72.09761030106611
15/11/2025 11:00 - 15/11/2025 12:00,71.85775739499279
15/11/2025 12:00 - 15/11/2025 13:00,75.91098360644304
15/11/2025 13:00 - 15/11/2025 14:00,87.46594420190029
15/11/2025 14:00 - 15/11/2025 15:00,96.38823189473213
15/11/2025 15:00 - 15/11/2025 16:00,106.42843960148241
15/11/2025 16:00 - 15/11/2025 17:00,116.36770342103041
15/11/2025 17:00 - 15/11/2025 18:00,107.05055661013651
15/11/2025 18:00 - 15/11/2025 19:00,103.1452664229887
15/11/2025 19:00 - 15/11/2025 20:00,92.71458397309704
15/11/2025 20:00 - 15/11/2025 21:00,91.88464234261795
15/11/2025 21:00 - 15/11/2025 22:00,92.31691347085115
15/11/2025 22:00 - 15/11/2025 23:00,83.39027337033797
15/11/2025 23:00 - 16/11/2025 00:00,82.9876188753734
16/11/2025 00:00 - 16/11/2025 01:00,83.39007463908113
16/11/2025 01:00 - 16/11/2025 02:00,83.37020511848694
16/11/2025 02:00 - 16/11/2025 03:00,84.5903696285181
16/11/2025 03:00 - 16/11/2025 04:00,85.91430043854133
16/11/2025 04:00 - 16/11/2025 05:00,86.19167242786166
16/11/2025 05:00 - 16/11/2025 06:00,83.21574762856011
16/11/2025 06:00 - 16/11/2025 07:00,87.63078314595694
16/11/2025 07:00 - 16/11/2025 08:00,88.95201796999106
16/11/2025 08:00 - 16/11/2025 09:00,93.40337649493266
16/11/2025 09:00 - 16/11/2025 10:00,94.36214143408604
16/11/2025 10:00 - 16/11/2025 11:00,93.81356913773432
16/11/2025 11:00 - 16/11/2025 12:00,97.63214015540862
16/11/2025 12:00 - 16/11/2025 13:00,97.17990738239935
16/11/2025 13:00 - 16/11/2025 14:00,105.31531598817874
16/11/2025 14:00 - 16/11/2025 15:00,114.15686737151123
16/11/2025 15:00 - 16/11/2025 16:00,123.65196396562249
16/11/2025 16:00 - 16/11/2025 17:00,133.95927812731074
16/11/2025 17:00 - 16/11/2025 18:00,133.59705454526826
16/11/2025 18:00 - 16/11/2025 19:00,120.17971607777974
16/11/2025 19:00 - 16/11/2025 20:00,111.88527421190415
16/11/2025 20:00 - 16/11/2025 21:00,98.96917106108567
16/11/2025 21:00 - 16/11/2025 22:00,97.6901740315082
16/11/2025 22:00 - 16/11/2025 23:00,91.42445806653485
16/11/2025 23:00 - 17/11/2025 00:00,87.40143409808294
17/11/2025 00:00 - 17/11/2025 01:00,89.6764843054545
17/11/2025 01:00 - 17/11/2025 02:00,88.89170342037818
17/11/2025 02:00 - 17/11/2025 03:00,85.56461218871888
17/11/2025 03:00 - 17/11/2025 04:00,83.20605172667692
17/11/2025 04:00 - 17/11/2025 05:00,87.72802611679627
17/11/2025 05:00 - 17/11/2025 06:00,101.50401058075188
17/11/2025 06:00 - 17/11/2025 07:00,124.79338519661862
17/11/2025 07:00 - 17/11/2025 08:00,135.0684108936113
17/11/2025 08:00 - 17/11/2025 09:00,131.59484891789108
17/11/2025 09:00 - 17/11/2025 10:00,120.33603106009322
17/11/2025 10:00 - 17/11/2025 11:00,114.08346365908702
17/11/2025 11:00 - 17/11/2025 12:00,102.23589802058656
17/11/2025 12:00 - 17/11/2025 13:00,103.63310255330856
17/11/2025 13:00 - 17/11/2025 14:00,104.97966736622985
17/11/2025 14:00 - 17/11/2025 15:00,113.92321740156568
17/11/2025 15:00 - 17/11/2025 16:00,122.57835836714952
17/11/2025 16:00 - 17/11/2025 17:00,123.57552536075367
17/11/2025 17:00 - 17/11/2025 18:00,122.08793531848343
17/11/2025 18:00 - 17/11/2025 19:00,110.0879758141744
17/11/2025 19:00 - 17/11/2025 20:00,99.3884605373731
17/11/2025 20:00 - 17/11/2025 21:00,87.17417524120509
17/11/2025 21:00 - 17/11/2025 22:00,88.45174571273398
17/11/2025 22:00 - 17/11/2025 23:00,86.01274503991976
17/11/2025 23:00 - 18/11/2025 00:00,84.06930398458013
18/11/2025 00:00 - 18/11/2025 01:00,74.10223968800761
18/11/2025 01:00 - 18/11/2025 02:00,70.63721770824574
18/11/2025 02:00 - 18/11/2025 03:00,69.26609419142973
18/11/2025 03:00 - 18/11/2025 04:00,69.66351656763737
18/11/2025 04:00 - 18/11/2025 05:00,75.17229671001442
18/11/2025 05:00 - 18/11/2025 06:00,83.50669568314112
18/11/2025 06:00 - 18/11/2025 07:00,115.90546454070564
18/11/2025 07:00 - 18/11/2025 08:00,121.01618216604135
18/11/2025 08:00 - 18/11/2025 09:00,107.36046696913336
18/11/2025 09:00 - 18/11/2025 10:00,98.88594734058968
18/11/2025 10:00 - 18/11/2025 11:00,79.70277118024916
18/11/2025 11:00 - 18/11/2025 12:00,77.23974979286677
18/11/2025 12:00 - 18/11/2025 13:00,79.50413781882048
18/11/2025 13:00 - 18/11/2025 14:00,86.46360814058201
18/11/2025 14:00 - 18/11/2025 15:00,108.04088461961442
18/11/2025 15:00 - 18/11/2025 16:00,126.20923021306922
18/11/2025 16:00 - 18/11/2025 17:00,137.16768646952752
18/11/2025 17:00 - 18/11/2025 18:00,133.07677682593828
18/11/2025 18:00 - 18/11/2025 19:00,116.30079777168092
18/11/2025 19:00 - 18/11/2025 20:00,107.91240749482465
18/11/2025 20:00 - 18/11/2025 21:00,103.75160825192633
18/11/2025 21:00 - 18/11/2025 22:00,95.731020890595
18/11/2025 22:00 - 18/11/2025 23:00,84.95803927191986
18/11/2025 23:00 - 19/11/2025 00:00,88.7426138540925
19/11/2025 00:00 - 19/11/2025 01:00,86.35477042781719
19/11/2025 01:00 - 19/11/2025 02:00,81.96262941046224
19/11/2025 02:00 - 19/11/2025 03:00,83.52336625615835
19/11/2025 03:00 - 19/11/2025 04:00,85.79326066270875
19/11/2025 04:00 - 19/11/2025 05:00,91.3730081104212
19/11/2025 05:00 - 19/11/2025 06:00,103.04477211204929
19/11/2025 06:00 - 19/11/2025 07:00,127.11915710445979
19/11/2025 07:00 - 19/11/2025 08:00,133.71404449200722
19/11/2025 08:00 - 19/11/2025 09:00,116.0128276996596
19/11/2025 09:00 - 19/11/2025 10:00,104.14637313685215
19/11/2025 10:00 - 19/11/2025 11:00,101.2406327626158
19/11/2025 11:00 - 19/11/2025 12:00,101.91883928921166
19/11/2025 12:00 - 19/11/2025 13:00,100.62242201704817
19/11/2025 13:00 - 19/11/2025 14:00,110.84915005533473
19/11/2025 14:00 - 19/11/2025 15:00,135.78373811115907
19/11/2025 15:00 - 19/11/2025 16:00,142.5554321859158
19/11/2025 16:00 - 19/11/2025 17:00,146.43309363730916
19/11/2025 17:00 - 19/11/2025 18:00,145.4389192582529
19/11/2025 18:00 - 19/11/2025 19:00,132.9121552784412
19/11/2025 19:00 - 19/11/2025 20:00,115.36067421677461
19/11/2025 20:00 - 19/11/2025 21:00,101.92001745392105
19/11/2025 21:00 - 19/11/2025 22:00,110.81007434625931
19/11/2025 22:00 - 19/11/2025 23:00,96.79103103172224
19/11/2025 23:00 - 20/11/2025 00:00,91.66443351757138
20/11/2025 00:00 - 20/11/2025 01:00,89.83032042739808
20/11/2025 01:00 - 20/11/2025 02:00,88.451150062421
20/11/2025 02:00 - 20/11/2025 03:00,88.04425572510655
20/11/2025 03:00 - 20/11/2025 04:00,89.17047260353343
20/11/2025 04:00 - 20/11/2025 05:00,88.22346642159621
20/11/2025 05:00 - 20/11/2025 06:00,104.27419616391197
20/11/2025 06:00 - 20/11/2025 07:00,132.14897595525355
20/11/2025 07:00 - 20/11/2025 08:00,150.5699707662982
20/11/2025 08:00 - 20/11/2025 09:00,140.5171093858622
20/11/2025 09:00 - 20/11/2025 10:00,115.83806890494286
20/11/2025 10:00 - 20/11/2025 11:00,106.68205049926095
20/11/2025 11:00 - 20/11/2025 12:00,102.62706521286233
20/11/2025 12:00 - 20/11/2025 13:00,109.78455733803781
20/11/2025 13:00 - 20/11/2025 14:00,125.49426539308499
20/11/2025 14:00 - 20/11/2025 15:00,137.0867312928769
20/11/2025 15:00 - 20/11/2025 16:00,148.85735000043252
20/11/2025 16:00 - 20/11/2025 17:00,152.03028422594394
20/11/2025 17:00 - 20/11/2025 18:00,151.13616220787105
20/11/2025 18:00 - 20/11/2025 19:00,152.4541183454261
20/11/2025 19:00 - 20/11/2025 20:00,136.68611461752297
20/11/2025 20:00 - 20/11/2025 21:00,120.86063456597942
20/11/2025 21:00 - 20/11/2025 22:00,115.79424510647593
20/11/2025 22:00 - 20/11/2025 23:00,105.74754416149716
20/11/2025 23:00 - 21/11/2025 00:00,100.23485100319544
21/11/2025 00:00 - 21/11/2025 01:00,99.46296141895442
21/11/2025 01:00 - 21/11/2025 02:00,99.89955626442674
21/11/2025 02:00 - 21/11/2025 03:00,98.6729639063391
21/11/2025 03:00 - 21/11/2025 04:00,96.93187520427742
21/11/2025 04:00 - 21/11/2025 05:00,97.23914303302291
21/11/2025 05:00 - 21/11/2025 06:00,129.12488282258573
21/11/2025 06:00 - 21/11/2025 07:00,164.7281344932355
21/11/2025 07:00 - 21/11/2025 08:00,165.87761349804774
21/11/2025 08:00 - 21/11/2025 09:00,156.33025601578976
21/11/2025 09:00 - 21/11/2025 10:00,146.7140134480271
21/11/2025 10:00 - 21/11/2025 11:00,134.45349285779426
21/11/2025 11:00 - 21/11/2025 12:00,129.35585326125897
21/11/2025 12:00 - 21/11/2025 13:00,134.17083439681264
21/11/2025 13:00 - 21/11/2025 14:00,137.85866853944174
21/11/2025 14:00 - 21/11/2025 15:00,160.24312446277114
21/11/2025 15:00 - 21/11/2025 16:00,175.7316111156961
21/11/2025 16:00 - 21/11/2025 17:00,182.76936501063668
21/11/2025 17:00 - 21/11/2025 18:00,175.5690701159345
21/11/2025 18:00 - 21/11/2025 19:00,161.4058974086068
21/11/2025 19:00 - 21/11/2025 20:00,139.35321327705466
21/11/2025 20:00 - 21/11/2025 21:00,114.90058414823267
21/11/2025 21:00 - 21/11/2025 22:00,105.74085617412258
21/11/2025 22:00 - 21/11/2025 23:00,91.94298289451768
21/11/2025 23:00 - 22/11/2025 00:00,92.66709810496963
22/11/2025 00:00 - 22/11/2025 01:00,86.79054279706878
22/11/2025 01:00 - 22/11/2025 02:00,83.4543422668176
22/11/2025 02:00 - 22/11/2025 03:00,83.28371214904143
22/11/2025 03:00 - 22/11/2025 04:00,86.17642042851207
22/11/2025 04:00 - 22/11/2025 05:00,92.54531029222275
22/11/2025 05:00 - 22/11/2025 06:00,101.41774499351462
22/11/2025 06:00 - 22/11/2025 07:00,109.52279777375091
22/11/2025 07:00 - 22/11/2025 08:00,111.45160497030673
22/11/2025 08:00 - 22/11/2025 09:00,99.64149649159059
22/11/2025 09:00 - 22/11/2025 10:00,91.03987618702836
22/11/2025 10:00 - 22/11/2025 11:00,84.4184524434643
22/11/2025 11:00 - 22/11/2025 12:00,84.88493651931593
22/11/2025 12:00 - 22/11/2025 13:00,82.1391118440709
22/11/2025 13:00 - 22/11/2025 14:00,93.10046720232856
22/11/2025 14:00 - 22/11/2025 15:00,107.75892130737192
22/11/2025 15:00 - 22/11/2025 16:00,122.67599587619388
22/11/2025 16:00 - 22/11/2025 17:00,125.4725996092709
22/11/2025 17:00 - 22/11/2025 18:00,118.82257175088932
22/11/2025 18:00 - 22/11/2025 19:00,112.03695272875152
22/11/2025 19:00 - 22/11/2025 20:00,103.61112944008123
22/11/2025 20:00 - 22/11/2025 21:00,91.86283022427398
22/11/2025 21:00 - 22/11/2025 22:00,91.41871894494061
22/11/2025 22:00 - 22/11/2025 23:00,85.72265736222877
22/11/2025 23:00 - 23/11/2025 00:00,84.06635092473906
23/11/2025 00:00 - 23/11/2025 01:00,83.94381322938918
23/11/2025 01:00 - 23/11/2025 02:00,74.30141176193553
23/11/2025 02:00 - 23/11/2025 03:00,70.28209006347683
23/11/2025 03:00 - 23/11/2025 04:00,70.01040975223381
23/11/2025 04:00 - 23/11/2025 05:00,70.65208714523024
23/11/2025 05:00 - 23/11/2025 06:00,71.38840354135945
23/11/2025 06:00 - 23/11/2025 07:00,77.06862607702486
23/11/2025 07:00 - 23/11/2025 08:00,76.57993142011962
23/11/2025 08:00 - 23/11/2025 09:00,71.02905700249406
23/11/2025 09:00 - 23/11/2025 10:00,58.21722267164212
23/11/2025 10:00 - 23/11/2025 11:00,51.66277145382146
23/11/2025 11:00 - 23/11/2025 12:00,45.696985479282944
23/11/2025 12:00 - 23/11/2025 13:00,46.6504138553436
23/11/2025 13:00 - 23/11/2025 14:00,57.16061796194113
23/11/2025 14:00 - 23/11/2025 15:00,71.99538504049178
23/11/2025 15:00 - 23/11/2025 16:00,76.51417246404101
23/11/2025 16:00 - 23/11/2025 17:00,80.19177625036787
23/11/2025 17:00 - 23/11/2025 18:00,81.37559780343324
23/11/2025 18:00 - 23/11/2025 19:00,82.83941384263188
23/11/2025 19:00 - 23/11/2025 20:00,74.94024133223604
23/11/2025 20:00 - 23/11/2025 21:00,75.06102600981399
23/11/2025 21:00 - 23/11/2025 22:00,79.8632325057084
23/11/2025 22:00 - 23/11/2025 23:00,76.92938894659912
23/11/2025 23:00 - 24/11/2025 00:00,77.19640098390467
24/11/2025 00:00 - 24/11/2025 01:00,73.97627649011851
24/11/2025 01:00 - 24/11/2025 02:00,70.80437088964253
24/11/2025 02:00 - 24/11/2025 03:00,65.88881285605952
24/11/2025 03:00 - 24/11/2025 04:00,70.57589212313023
24/11/2025 04:00 - 24/11/2025 05:00,81.86343797417236
24/11/2025 05:00 - 24/11/2025 06:00,84.70818827452823
24/11/2025 06:00 - 24/11/2025 07:00,109.38221072984243
24/11/2025 07:00 - 24/11/2025 08:00,128.53513184580825
24/11/2025 08:00 - 24/11/2025 09:00,123.96082733901406
24/11/2025 09:00 - 24/11/2025 10:00,117.8783839150602
24/11/2025 10:00 - 24/11/2025 11:00,99.11205697118895
24/11/2025 11:00 - 24/11/2025 12:00,101.12248401311618
24/11/2025 12:00 - 24/11/2025 13:00,104.92570830067785
24/11/2025 13:00 - 24/11/2025 14:00,107.63005166945739
24/11/2025 14:00 - 24/11/2025 15:00,123.25822643465611
24/11/2025 15:00 - 24/11/2025 16:00,129.4373695488064
24/11/2025 16:00 - 24/11/2025 17:00,134.11347417141644
24/11/2025 17:00 - 24/11/2025 18:00,130.61319821478946
24/11/2025 18:00 - 24/11/2025 19:00,127.53618132136071
24/11/2025 19:00 - 24/11/2025 20:00,116.9254106170738
24/11/2025 20:00 - 24/11/2025 21:00,104.3994178706075
24/11/2025 21:00 - 24/11/2025 22:00,102.88637985670626
24/11/2025 22:00 - 24/11/2025 23:00,99.54284820704132
24/11/2025 23:00 - 25/11/2025 00:00,98.15689582094345
25/11/2025 00:00 - 25/11/2025 01:00,97.52590758499184
25/11/2025 01:00 - 25/11/2025 02:00,96.70083379140239
25/11/2025 02:00 - 25/11/2025 03:00,96.49040833136687
25/11/2025 03:00 - 25/11/2025 04:00,99.74139107631964
25/11/2025 04:00 - 25/11/2025 05:00,108.67299360805994
25/11/2025 05:00 - 25/11/2025 06:00,110.6962719742998
25/11/2025 06:00 - 25/11/2025 07:00,135.0670101035833
25/11/2025 07:00 - 25/11/2025 08:00,143.41582270478114
25/11/2025 08:00 - 25/11/2025 09:00,140.3930092452361
25/11/2025 09:00 - 25/11/2025 10:00,138.37272176920118
25/11/2025 10:00 - 25/11/2025 11:00,138.51496547761892
25/11/2025 11:00 - 25/11/2025 12:00,145.31358744856047
25/11/2025 12:00 - 25/11/2025 13:00,153.14836624557748
25/11/2025 13:00 - 25/11/2025 14:00,166.13715130985017
25/11/2025 14:00 - 25/11/2025 15:00,180.66119526876676
25/11/2025 15:00 - 25/11/2025 16:00,186.22523780936194
25/11/2025 16:00 - 25/11/2025 17:00,188.41288101525004
25/11/2025 17:00 - 25/11/2025 18:00,187.37045895298098
25/11/2025 18:00 - 25/11/2025 19:00,175.88712340464878
25/11/2025 19:00 - 25/11/2025 20:00,154.5532856538777
25/11/2025 20:00 - 25/11/2025 21:00,140.19433217201654
25/11/2025 21:00 - 25/11/2025 22:00,131.7025066911866
25/11/2025 22:00 - 25/11/2025 23:00,114.51978183816952
25/11/2025 23:00 - 26/11/2025 00:00,105.60000570304386
26/11/2025 00:00 - 26/11/2025 01:00,102.9287487917579
26/11/2025 01:00 - 26/11/2025 02:00,100.08754870291575
26/11/2025 02:00 - 26/11/2025 03:00,96.72313877923658
26/11/2025 03:00 - 26/11/2025 04:00,100.03348303874876
26/11/2025 04:00 - 26/11/2025 05:00,108.39940942059762
26/11/2025 05:00 - 26/11/2025 06:00,132.0076597558835
26/11/2025 06:00 - 26/11/2025 07:00,176.191662813483
26/11/2025 07:00 - 26/11/2025 08:00,184.75393257273896
26/11/2025 08:00 - 26/11/2025 09:00,177.8403036840021
26/11/2025 09:00 - 26/11/2025 10:00,169.27472840296227
26/11/2025 10:00 - 26/11/2025 11:00,160.82516204922385
26/11/2025 11:00 - 26/11/2025 12:00,159.99157891281055
26/11/2025 12:00 - 26/11/2025 13:00,165.70542371204215
26/11/2025 13:00 - 26/11/2025 14:00,167.0155904295753
26/11/2025 14:00 - 26/11/2025 15:00,179.21956653248546
26/11/2025 15:00 - 26/11/2025 16:00,180.09620806328564
26/11/2025 16:00 - 26/11/2025 17:00,184.80560165961617
26/11/2025 17:00 - 26/11/2025 18:00,179.77364556963576
26/11/2025 18:00 - 26/11/2025 19:00,171.6873843802783
26/11/2025 19:00 - 26/11/2025 20:00,162.01052709767117
26/11/2025 20:00 - 26/11/2025 21:00,130.49130995169688
26/11/2025 21:00 - 26/11/2025 22:00,110.30057148986441
26/11/2025 22:00 - 26/11/2025 23:00,99.51746990253167
26/11/2025 23:00 - 27/11/2025 00:00,88.23091124420648
27/11/2025 00:00 - 27/11/2025 01:00,84.24014896892152
27/11/2025 01:00 - 27/11/2025 02:00,82.8970122542753
27/11/2025 02:00 - 27/11/2025 03:00,82.88951135061123
27/11/2025 03:00 - 27/11/2025 04:00,82.06546615108573
27/11/2025 04:00 - 27/11/2025 05:00,85.59112265452643
27/11/2025 05:00 - 27/11/2025 06:00,106.1336831762295
27/11/2025 06:00 - 27/11/2025 07:00,133.1310967959657
27/11/2025 07:00 - 27/11/2025 08:00,137.72866898463678
27/11/2025 08:00 - 27/11/2025 09:00,128.67293473226638
27/11/2025 09:00 - 27/11/2025 10:00,113.14051769171061
27/11/2025 10:00 - 27/11/2025 11:00,103.25016489863512
27/11/2025 11:00 - 27/11/2025 12:00,102.71442054168598
27/11/2025 12:00 - 27/11/2025 13:00,102.59596905856175
27/11/2025 13:00 - 27/11/2025 14:00,104.55405858216488
27/11/2025 14:00 - 27/11/2025 15:00,109.72363483090534
27/11/2025 15:00 - 27/11/2025 16:00,110.84156376492402
27/11/2025 16:00 - 27/11/2025 17:00,111.61670009327113
27/11/2025 17:00 - 27/11/2025 18:00,108.81449962880652
27/11/2025 18:00 - 27/11/2025 19:00,106.88607871783955
27/11/2025 19:00 - 27/11/2025 20:00,96.8062637009413
27/11/2025 20:00 - 27/11/2025 21:00,82.95653864586001
27/11/2025 21:00 - 27/11/2025 22:00,78.57684526215907
27/11/2025 22:00 - 27/11/2025 23:00,67.09241945349277
27/11/2025 23:00 - 28/11/2025 00:00,67.34525339157688
28/11/2025 00:00 - 28/11/2025 01:00,58.44649814457112
28/11/2025 01:00 - 28/11/2025 02:00,56.781849427984184
28/11/2025 02:00 - 28/11/2025 03:00,57.65282901300725
28/11/2025 03:00 - 28/11/2025 04:00,64.39852430994401
28/11/2025 04:00 - 28/11/2025 05:00,71.22377199670959
28/11/2025 05:00 - 28/11/2025 06:00,97.66395392811663
28/11/2025 06:00 - 28/11/2025 07:00,112.9163659881801
28/11/2025 07:00 - 28/11/2025 08:00,125.56648798164025
28/11/2025 08:00 - 28/11/2025 09:00,111.74806559020338
28/11/2025 09:00 - 28/11/2025 10:00,108.80067200260979
28/11/2025 10:00 - 28/11/2025 11:00,102.79544655523972
28/11/2025 11:00 - 28/11/2025 12:00,101.78247829968456
28/11/2025 12:00 - 28/11/2025 13:00,101.93835267555923
28/11/2025 13:00 - 28/11/2025 14:00,113.35797731584006
28/11/2025 14:00 - 28/11/2025 15:00,120.61386925967288
28/11/2025 15:00 - 28/11/2025 16:00,122.12375608958324
28/11/2025 16:00 - 28/11/2025 17:00,118.71282993970458
28/11/2025 17:00 - 28/11/2025 18:00,115.543685714995
28/11/2025 18:00 - 28/11/2025 19:00,111.5433430789196
28/11/2025 19:00 - 28/11/2025 20:00,105.70418044653317
28/11/2025 20:00 - 28/11/2025 21:00,90.64807511177007
28/11/2025 21:00 - 28/11/2025 22:00,87.6587120317629
28/11/2025 22:00 - 28/11/2025 23:00,77.38265348162588
28/11/2025 23:00 - 29/11/2025 00:00,76.78048759777931
29/11/2025 00:00 - 29/11/2025 01:00,72.91957844145057
29/11/2025 01:00 - 29/11/2025 02:00,72.74478913197706
29/11/2025 02:00 - 29/11/2025 03:00,73.1642982334898
29/11/2025 03:00 - 29/11/2025 04:00,73.16581090893744
29/11/2025 04:00 - 29/11/2025 05:00,77.41898215627116
29/11/2025 05:00 - 29/11/2025 06:00,84.73512256470318
29/11/2025 06:00 - 29/11/2025 07:00,88.71701865476399
29/11/2025 07:00 - 29/11/2025 08:00,99.36525746653575
29/11/2025 08:00 - 29/11/2025 09:00,102.7017592302133
29/11/2025 09:00 - 29/11/2025 10:00,96.02977541121264
29/11/2025 10:00 - 29/11/2025 11:00,100.00947937678606
29/11/2025 11:00 - 29/11/2025 12:00,96.6109438743815
29/11/2025 12:00 - 29/11/2025 13:00,96.97175451414371
29/11/2025 13:00 - 29/11/2025 14:00,91.89425736206748
29/11/2025 14:00 - 29/11/2025 15:00,101.10450628955947
29/11/2025 15:00 - 29/11/2025 16:00,101.94401325634796
29/11/2025 16:00 - 29/11/2025 17:00,94.77495698666091
29/11/2025 17:00 - 29/11/2025 18:00,98.8219984052
29/11/2025 18:00 - 29/11/2025 19:00,90.95411255854526
29/11/2025 19:00 - 29/11/2025 20:00,83.29204589561792
29/11/2025 20:00 - 29/11/2025 21:00,78.10409396986162
29/11/2025 21:00 - 29/11/2025 22:00,78.03520097779997
29/11/2025 22:00 - 29/11/2025 23:00,71.97584228909263
29/11/2025 23:00 - 30/11/2025 00:00,64.68430828616036
30/11/2025 00:00 - 30/11/2025 01:00,55.8136828545187
30/11/2025 01:00 - 30/11/2025 02:00,54.98367077194942
30/11/2025 02:00 - 30/11/2025 03:00,52.92672778726116
30/11/2025 03:00 - 30/11/2025 04:00,56.71395859852153
30/11/2025 04:00 - 30/11/2025 05:00,62.285704385253354
30/11/2025 05:00 - 30/11/2025 06:00,63.1956637885138
30/11/2025 06:00 - 30/11/2025 07:00,68.29214516414373
30/11/2025 07:00 - 30/11/2025 08:00,72.36112450850439
30/11/2025 08:00 - 30/11/2025 09:00,79.07167567430908
30/11/2025 09:00 - 30/11/2025 10:00,78.54505540397608
30/11/2025 10:00 - 30/11/2025 11:00,84.81291157955212
30/11/2025 11:00 - 30/11/2025 12:00,83.43099551519575
30/11/2025 12:00 - 30/11/2025 13:00,89.34206450401663
30/11/2025 13:00 - 30/11/2025 14:00,94.2825061086605
30/11/2025 14:00 - 30/11/2025 15:00,100.67397193784758
30/11/2025 15:00 - 30/11/2025 16:00,100.21977217701433
30/11/2025 16:00 - 30/11/2025 17:00,102.17670013639314
30/11/2025 17:00 - 30/11/2025 18:00,99.59036500167659
30/11/2025 18:00 - 30/11/2025 19:00,90.40700130869175
30/11/2025 19:00 - 30/11/2025 20:00,86.98867765624962
30/11/2025 20:00 - 30/11/2025 21:00,84.90420349863547
30/11/2025 21:00 - 30/11/2025 22:00,86.77734917339627
30/11/2025 22:00 - 30/11/2025 23:00,83.97991749670005
30/11/2025 23:00 - 01/12/2025 00:00,78.76613456005083
01/12/2025 00:00 - 01/12/2025 01:00,70.61878746956744
01/12/2025 01:00 - 01/12/2025 02:00,70.56808636601197
01/12/2025 02:00 - 01/12/2025 03:00,69.59834151420175
01/12/2025 03:00 - 01/12/2025 04:00,77.85739272865364
01/12/2025 04:00 - 01/12/2025 05:00,82.3521925559613
01/12/2025 05:00 - 01/12/2025 06:00,93.78974333506454
01/12/2025 06:00 - 01/12/2025 07:00,105.12971865496954
01/12/2025 07:00 - 01/12/2025 08:00,116.73016568665508
01/12/2025 08:00 - 01/12/2025 09:00,99.531817918234
01/12/2025 09:00 - 01/12/2025 10:00,95.94797142999161
01/12/2025 10:00 - 01/12/2025 11:00,89.57903419480677
01/12/2025 11:00 - 01/12/2025 12:00,88.36024381198695
01/12/2025 12:00 - 01/12/2025 13:00,100.5729551412792
01/12/2025 13:00 - 01/12/2025 14:00,107.96300550549842
01/12/2025 14:00 - 01/12/2025 15:00,121.82048975023416
01/12/2025 15:00 - 01/12/2025 16:00,118.8921819721612
01/12/2025 16:00 - 01/12/2025 17:00,115.22051881673167
01/12/2025 17:00 - 01/12/2025 18:00,109.03957071099153
01/12/2025 18:00 - 01/12/2025 19:00,104.71834163696543
01/12/2025 19:00 - 01/12/2025 20:00,97.25395915142907
01/12/2025 20:00 - 01/12/2025 21:00,82.07709878991164
01/12/2025 21:00 - 01/12/2025 22:00,79.17414264302849
01/12/2025 22:00 - 01/12/2025 23:00,73.8551563140846
01/12/2025 23:00 - 02/12/2025 00:00,71.64960137117923
02/12/2025 00:00 - 02/12/2025 01:00,64.19675343874066
02/12/2025 01:00 - 02/12/2025 02:00,59.79720605721933
02/12/2025 02:00 - 02/12/2025 03:00,60.95928946159472
02/12/2025 03:00 - 02/12/2025 04:00,59.5411747980712
02/12/2025 04:00 - 02/12/2025 05:00,71.42963057054939
02/12/2025 05:00 - 02/12/2025 06:00,79.89919506903163
02/12/2025 06:00 - 02/12/2025 07:00,110.63001866898264
02/12/2025 07:00 - 02/12/2025 08:00,128.30730994941973
02/12/2025 08:00 - 02/12/2025 09:00,110.07015267517937
02/12/2025 09:00 - 02/12/2025 10:00,109.09430047792691
02/12/2025 10:00 - 02/12/2025 11:00,104.35319013718563
02/12/2025 11:00 - 02/12/2025 12:00,108.5231285508402
02/12/2025 12:00 - 02/12/2025 13:00,114.0229953212864
02/12/2025 13:00 - 02/12/2025 14:00,125.39211846241075
02/12/2025 14:00 - 02/12/2025 15:00,136.496569668105
02/12/2025 15:00 - 02/12/2025 16:00,137.80412684846002
02/12/2025 16:00 - 02/12/2025 17:00,131.65723812307422
02/12/2025 17:00 - 02/12/2025 18:00,130.75671690051323
02/12/2025 18:00 - 02/12/2025 19:00,130.12434701846294
02/12/2025 19:00 - 02/12/2025 20:00,126.95299237540038
02/12/2025 20:00 - 02/12/2025 21:00,118.8390795098507
02/12/2025 21:00 - 02/12/2025 22:00,111.91898871637757
02/12/2025 22:00 - 02/12/2025 23:00,96.09233157647691
02/12/2025 23:00 - 03/12/2025 00:00,88.1821680304
03/12/2025 00:00 - 03/12/2025 01:00,87.35697144225924
03/12/2025 01:00 - 03/12/2025 02:00,82.43687628287
03/12/2025 02:00 - 03/12/2025 03:00,83.12712078262388
03/12/2025 03:00 - 03/12/2025 04:00,85.76102000156467
03/12/2025 04:00 - 03/12/2025 05:00,92.7143405098198
03/12/2025 05:00 - 03/12/2025 06:00,124.76611659907077
03/12/2025 06:00 - 03/12/2025 07:00,136.59754754449483
03/12/2025 07:00 - 03/12/2025 08:00,142.78667022431287
03/12/2025 08:00 - 03/12/2025 09:00,143.80124037539875
03/12/2025 09:00 - 03/12/2025 10:00,139.43265364538837
03/12/2025 10:00 - 03/12/2025 11:00,137.04022785925454
03/12/2025 11:00 - 03/12/2025 12:00,132.58920230572298
03/12/2025 12:00 - 03/12/2025 13:00,138.37931772619828
03/12/2025 13:00 - 03/12/2025 14:00,150.2117056366517
03/12/2025 14:00 - 03/12/2025 15:00,168.45205157773984
03/12/2025 15:00 - 03/12/2025 16:00,170.25052699059546
03/12/2025 16:00 - 03/12/2025 17:00,171.64735488645744
03/12/2025 17:00 - 03/12/2025 18:00,176.1965487172865
03/12/2025 18:00 - 03/12/2025 19:00,170.5044450886767
03/12/2025 19:00 - 03/12/2025 20:00,165.26570515406357
03/12/2025 20:00 - 03/12/2025 21:00,146.17505878685236
03/12/2025 21:00 - 03/12/2025 22:00,124.65796640277358
03/12/2025 22:00 - 03/12/2025 23:00,102.34840188916334
03/12/2025 23:00 - 04/12/2025 00:00,94.89673345400558
04/12/2025 00:00 - 04/12/2025 01:00,90.52015224571564
04/12/2025 01:00 - 04/12/2025 02:00,90.31927480241319
04/12/2025 02:00 - 04/12/2025 03:00,90.43695508126605
04/12/2025 03:00 - 04/12/2025 04:00,88.81225381013702
04/12/2025 04:00 - 04/12/2025 05:00,100.3663443892512
04/12/2025 05:00 - 04/12/2025 06:00,144.849909480289
04/12/2025 06:00 - 04/12/2025 07:00,180.85602693049492
04/12/2025 07:00 - 04/12/2025 08:00,181.1998114010105
04/12/2025 08:00 - 04/12/2025 09:00,175.8782129957707
04/12/2025 09:00 - 04/12/2025 10:00,160.9240009245368
04/12/2025 10:00 - 04/12/2025 11:00,152.08611914745427
04/12/2025 11:00 - 04/12/2025 12:00,150.82034205494014
04/12/2025 12:00 - 04/12/2025 13:00,150.205834479572
04/12/2025 13:00 - 04/12/2025 14:00,151.8217992172365
04/12/2025 14:00 - 04/12/2025 15:00,159.63425356480823
04/12/2025 15:00 - 04/12/2025 16:00,160.629505661522
04/12/2025 16:00 - 04/12/2025 17:00,162.615688112402
04/12/2025 17:00 - 04/12/2025 18:00,158.18691394449095
04/12/2025 18:00 - 04/12/2025 19:00,147.11554760883473
04/12/2025 19:00 - 04/12/2025 20:00,133.0775685232189
04/12/2025 20:00 - 04/12/2025 21:00,118.40300677537167
04/12/2025 21:00 - 04/12/2025 22:00,110.63214105522864
04/12/2025 22:00 - 04/12/2025 23:00,109.96591186928269
04/12/2025 23:00 - 05/12/2025 00:00,100.9313427728592
05/12/2025 00:00 - 05/12/2025 01:00,97.27664377097442
05/12/2025 01:00 - 05/12/2025 02:00,94.67183157468496
05/12/2025 02:00 - 05/12/2025 03:00,90.85608848486801
05/12/2025 03:00 - 05/12/2025 04:00,96.37562037105735
05/12/2025 04:00 - 05/12/2025 05:00,102.93737608683836
05/12/2025 05:00 - 05/12/2025 06:00,131.90144694515746
05/12/2025 06:00 - 05/12/2025 07:00,138.7735387058539
05/12/2025 07:00 - 05/12/2025 08:00,151.1400437206144
05/12/2025 08:00 - 05/12/2025 09:00,161.30902644638266
05/12/2025 09:00 - 05/12/2025 10:00,147.9238248561464
05/12/2025 10:00 - 05/12/2025 11:00,150.46687387918772
05/12/2025 11:00 - 05/12/2025 12:00,151.73322581788625
05/12/2025 12:00 - 05/12/2025 13:00,150.24644657825837
05/12/2025 13:00 - 05/12/2025 14:00,150.5051507690734
05/12/2025 14:00 - 05/12/2025 15:00,156.3648862890322
05/12/2025 15:00 - 05/12/2025 16:00,154.0729321896551
05/12/2025 16:00 - 05/12/2025 17:00,156.13476345228966
05/12/2025 17:00 - 05/12/2025 18:00,152.02975698173577
05/12/2025 18:00 - 05/12/2025 19:00,142.75290510118975
05/12/2025 19:00 - 05/12/2025 20:00,125.04096758881494
05/12/2025 20:00 - 05/12/2025 21:00,99.65248627512211
05/12/2025 21:00 - 05/12/2025 22:00,97.19457918455242
05/12/2025 22:00 - 05/12/2025 23:00,84.2429806113207
05/12/2025 23:00 - 06/12/2025 00:00,87.15875137311545
06/12/2025 00:00 - 06/12/2025 01:00,79.95325854779617
06/12/2025 01:00 - 06/12/2025 02:00,67.43177454974258
06/12/2025 02:00 - 06/12/2025 03:00,55.50370219021952
06/12/2025 03:00 - 06/12/2025 04:00,54.698127398112604
06/12/2025 04:00 - 06/12/2025 05:00,51.76664240640381
06/12/2025 05:00 - 06/12/2025 06:00,55.32835083094658
06/12/2025 06:00 - 06/12/2025 07:00,61.8944217263213
06/12/2025 07:00 - 06/12/2025 08:00,71.80123310824997
06/12/2025 08:00 - 06/12/2025 09:00,81.50446770652792
06/12/2025 09:00 - 06/12/2025 10:00,81.60966099188285
06/12/2025 10:00 - 06/12/2025 11:00,83.54053078898703
06/12/2025 11:00 - 06/12/2025 12:00,85.08333268573676
06/12/2025 12:00 - 06/12/2025 13:00,86.86576200459123
06/12/2025 13:00 - 06/12/2025 14:00,90.22274633661907
06/12/2025 14:00 - 06/12/2025 15:00,93.92903377842518
06/12/2025 15:00 - 06/12/2025 16:00,93.80993420733682
06/12/2025 16:00 - 06/12/2025 17:00,102.61515146313334
06/12/2025 17:00 - 06/12/2025 18:00,96.0146896723116
06/12/2025 18:00 - 06/12/2025 19:00,89.49476098224528
06/12/2025 19:00 - 06/12/2025 20:00,70.66118520835877
06/12/2025 20:00 - 06/12/2025 21:00,65.88101661994499
06/12/2025 21:00 - 06/12/2025 22:00,62.46742560579968
06/12/2025 22:00 - 06/12/2025 23:00,49.66336071014627
06/12/2025 23:00 - 07/12/2025 00:00,48.88320015479623
07/12/2025 00:00 - 07/12/2025 01:00,43.26067422685853
07/12/2025 01:00 - 07/12/2025 02:00,43.30326670540181
07/12/2025 02:00 - 07/12/2025 03:00,43.682188533787425
07/12/2025 03:00 - 07/12/2025 04:00,47.781727956063605
07/12/2025 04:00 - 07/12/2025 05:00,52.590932969964555
07/12/2025 05:00 - 07/12/2025 06:00,54.951089289841946
07/12/2025 06:00 - 07/12/2025 07:00,68.01389879163514
07/12/2025 07:00 - 07/12/2025 08:00,88.68802250546736
07/12/2025 08:00 - 07/12/2025 09:00,91.57789227698075
07/12/2025 09:00 - 07/12/2025 10:00,92.77889535416845
07/12/2025 10:00 - 07/12/2025 11:00,92.94157934347407
07/12/2025 11:00 - 07/12/2025 12:00,92.24284838210878
07/12/2025 12:00 - 07/12/2025 13:00,96.00956210629116
07/12/2025 13:00 - 07/12/2025 14:00,98.912548911011
07/12/2025 14:00 - 07/12/2025 15:00,110.14620550193865
07/12/2025 15:00 - 07/12/2025 16:00,103.98973563145846
07/12/2025 16:00 - 07/12/2025 17:00,106.29152441090466
07/12/2025 17:00 - 07/12/2025 18:00,102.54002735885136
07/12/2025 18:00 - 07/12/2025 19:00,94.13479408073056
07/12/2025 19:00 - 07/12/2025 20:00,72.38884304551786
07/12/2025 20:00 - 07/12/2025 21:00,50.50031287281412
07/12/2025 21:00 - 07/12/2025 22:00,45.83802583085877
07/12/2025 22:00 - 07/12/2025 23:00,21.24303109349789
07/12/2025 23:00 - 08/12/2025 00:00,6.346105752746348
08/12/2025 00:00 - 08/12/2025 01:00,1.6405045275850738
08/12/2025 01:00 - 08/12/2025 02:00,1.85371733375004
08/12/2025 02:00 - 08/12/2025 03:00,1.3907780566258663
08/12/2025 03:00 - 08/12/2025 04:00,3.504262389685205
08/12/2025 04:00 - 08/12/2025 05:00,33.71260660573957
08/12/2025 05:00 - 08/12/2025 06:00,61.677449442142844
08/12/2025 06:00 - 08/12/2025 07:00,82.07149560296038
08/12/2025 07:00 - 08/12/2025 08:00,95.09477008847564
08/12/2025 08:00 - 08/12/2025 09:00,89.33611236641386
08/12/2025 09:00 - 08/12/2025 10:00,94.21417778289988
08/12/2025 10:00 - 08/12/2025 11:00,88.30226455832668
08/12/2025 11:00 - 08/12/2025 12:00,93.48252516273038
08/12/2025 12:00 - 08/12/2025 13:00,94.5117001857632
08/12/2025 13:00 - 08/12/2025 14:00,105.57140841793378
08/12/2025 14:00 - 08/12/2025 15:00,105.75110535994985
08/12/2025 15:00 - 08/12/2025 16:00,102.71408965905356
08/12/2025 16:00 - 08/12/2025 17:00,99.61698217918502
08/12/2025 17:00 - 08/12/2025 18:00,89.63290352430178
08/12/2025 18:00 - 08/12/2025 19:00,92.96012950271388
08/12/2025 19:00 - 08/12/2025 20:00,92.52994139497815
08/12/2025 20:00 - 08/12/2025 21:00,86.258262787686
08/12/2025 21:00 - 08/12/2025 22:00,87.12394781826687
08/12/2025 22:00 - 08/12/2025 23:00,72.75543698644597
08/12/2025 23:00 - 09/12/2025 00:00,64.37833933666096
09/12/2025 00:00 - 09/12/2025 01:00,60.11656814573035
09/12/2025 01:00 - 09/12/2025 02:00,64.06278146445925
09/12/2025 02:00 - 09/12/2025 03:00,68.00526655450184
09/12/2025 03:00 - 09/12/2025 04:00,70.91401886782904
09/12/2025 04:00 - 09/12/2025 05:00,76.71715180060218
09/12/2025 05:00 - 09/12/2025 06:00,86.40959322561044
09/12/2025 06:00 - 09/12/2025 07:00,100.63179341094946
09/12/2025 07:00 - 09/12/2025 08:00,124.53158301685225
09/12/2025 08:00 - 09/12/2025 09:00,114.37394720972632
09/12/2025 09:00 - 09/12/2025 10:00,99.73476278685123
09/12/2025 10:00 - 09/12/2025 11:00,89.35425450206115
09/12/2025 11:00 - 09/12/2025 12:00,85.7235000681449
09/12/2025 12:00 - 09/12/2025 13:00,87.83754839046486
09/12/2025 13:00 - 09/12/2025 14:00,101.29453036662082
09/12/2025 14:00 - 09/12/2025 15:00,125.37777724985061
09/12/2025 15:00 - 09/12/2025 16:00,130.8915275522076
09/12/2025 16:00 - 09/12/2025 17:00,126.6652285878424
09/12/2025 17:00 - 09/12/2025 18:00,118.55198153172496
09/12/2025 18:00 - 09/12/2025 19:00,109.75418744589095
09/12/2025 19:00 - 09/12/2025 20:00,98.35082371018177
09/12/2025 20:00 - 09/12/2025 21:00,84.75869246601982
09/12/2025 21:00 - 09/12/2025 22:00,71.0627121940193
09/12/2025 22:00 - 09/12/2025 23:00,54.908188293992964
09/12/2025 23:00 - 10/12/2025 00:00,52.65140824551919
10/12/2025 00:00 - 10/12/2025 01:00,41.93901843508783
10/12/2025 01:00 - 10/12/2025 02:00,42.35095939735179
10/12/2025 02:00 - 10/12/2025 03:00,48.489216899433316
10/12/2025 03:00 - 10/12/2025 04:00,49.30182096982254
10/12/2025 04:00 - 10/12/2025 05:00,59.89771192843847
10/12/2025 05:00 - 10/12/2025 06:00,85.986303785067
10/12/2025 06:00 - 10/12/2025 07:00,103.15641171840106
10/12/2025 07:00 - 10/12/2025 08:00,118.46543299554632
10/12/2025 08:00 - 10/12/2025 09:00,112.71757470257769
10/12/2025 09:00 - 10/12/2025 10:00,107.76131473274964
10/12/2025 10:00 - 10/12/2025 11:00,112.81302720048907
10/12/2025 11:00 - 10/12/2025 12:00,110.11801324337688
10/12/2025 12:00 - 10/12/2025 13:00,110.80726604748203
10/12/2025 13:00 - 10/12/2025 14:00,112.28355524668146
10/12/2025 14:00 - 10/12/2025 15:00,126.05305442262602
10/12/2025 15:00 - 10/12/2025 16:00,121.52072117696072
10/12/2025 16:00 - 10/12/2025 17:00,111.25663952330358
10/12/2025 17:00 - 10/12/2025 18:00,109.72740261263156
10/12/2025 18:00 - 10/12/2025 19:00,103.70718520759485
10/12/2025 19:00 - 10/12/2025 20:00,97.3706513526308
10/12/2025 20:00 - 10/12/2025 21:00,84.65123771229699
10/12/2025 21:00 - 10/12/2025 22:00,79.02537665767774
10/12/2025 22:00 - 10/12/2025 23:00,67.88585110107041
10/12/2025 23:00 - 11/12/2025 00:00,63.575293232538975
11/12/2025 00:00 - 11/12/2025 01:00,56.87500686119157
11/12/2025 01:00 - 11/12/2025 02:00,54.59878735429595
11/12/2025 02:00 - 11/12/2025 03:00,57.53106511713437
11/12/2025 03:00 - 11/12/2025 04:00,61.439261036735296
11/12/2025 04:00 - 11/12/2025 05:00,73.33802059203062
11/12/2025 05:00 - 11/12/2025 06:00,92.94483235838241
11/12/2025 06:00 - 11/12/2025 07:00,98.21723005274913
11/12/2025 07:00 - 11/12/2025 08:00,109.97796492169954
11/12/2025 08:00 - 11/12/2025 09:00,108.77493796219036
11/12/2025 09:00 - 11/12/2025 10:00,98.44750444716394
11/12/2025 10:00 - 11/12/2025 11:00,97.25938001397742
11/12/2025 11:00 - 11/12/2025 12:00,96.81352299913524
11/12/2025 12:00 - 11/12/2025 13:00,97.22805088020735
11/12/2025 13:00 - 11/12/2025 14:00,104.95824000499627
11/12/2025 14:00 - 11/12/2025 15:00,107.166557722364
11/12/2025 15:00 - 11/12/2025 16:00,109.72775538454131
11/12/2025 16:00 - 11/12/2025 17:00,114.55186016348725
11/12/2025 17:00 - 11/12/2025 18:00,113.3236429931472
11/12/2025 18:00 - 11/12/2025 19:00,105.60690029161226
11/12/2025 19:00 - 11/12/2025 20:00,98.99793511428177
11/12/2025 20:00 - 11/12/2025 21:00,91.79229104980872
11/12/2025 21:00 - 11/12/2025 22:00,94.49459398676758
11/12/2025 22:00 - 11/12/2025 23:00,86.16836974383895
11/12/2025 23:00 - 12/12/2025 00:00,85.23385687516856
12/12/2025 00:00 - 12/12/2025 01:00,83.41969325565061
12/12/2025 01:00 - 12/12/2025 02:00,82.98491996799602
12/12/2025 02:00 - 12/12/2025 03:00,86.82641915942254
12/12/2025 03:00 - 12/12/2025 04:00,88.00553934254839
12/12/2025 04:00 - 12/12/2025 05:00,92.40936672453947
12/12/2025 05:00 - 12/12/2025 06:00,117.78856035423529
12/12/2025 06:00 - 12/12/2025 07:00,139.1794118999499
12/12/2025 07:00 - 12/12/2025 08:00,152.41587369081137
12/12/2025 08:00 - 12/12/2025 09:00,149.69992352297322
12/12/2025 09:00 - 12/12/2025 10:00,135.40283298191972
12/12/2025 10:00 - 12/12/2025 11:00,132.1988898256074
12/12/2025 11:00 - 12/12/2025 12:00,128.36561715025874
12/12/2025 12:00 - 12/12/2025 13:00,131.7636479689206
12/12/2025 13:00 - 12/12/2025 14:00,135.9836726968713
12/12/2025 14:00 - 12/12/2025 15:00,153.89114325832213
12/12/2025 15:00 - 12/12/2025 16:00,157.04999308105678
12/12/2025 16:00 - 12/12/2025 17:00,157.0590864721322
12/12/2025 17:00 - 12/12/2025 18:00,150.27528453765413
12/12/2025 18:00 - 12/12/2025 19:00,139.45322861709332
12/12/2025 19:00 - 12/12/2025 20:00,131.66275263191065
12/12/2025 20:00 - 12/12/2025 21:00,105.8879912187937
12/12/2025 21:00 - 12/12/2025 22:00,101.2157089661909
12/12/2025 22:00 - 12/12/2025 23:00,97.03385056575104
12/12/2025 23:00 - 13/12/2025 00:00,88.10615363925967
13/12/2025 00:00 - 13/12/2025 01:00,83.41675319731246
13/12/2025 01:00 - 13/12/2025 02:00,87.64932429358808
13/12/2025 02:00 - 13/12/2025 03:00,87.31033396425516
13/12/2025 03:00 - 13/12/2025 04:00,85.99199140373193
13/12/2025 04:00 - 13/12/2025 05:00,85.58836570204991
13/12/2025 05:00 - 13/12/2025 06:00,89.13786689855964
13/12/2025 06:00 - 13/12/2025 07:00,96.30997970692667
13/12/2025 07:00 - 13/12/2025 08:00,107.8210783142135
13/12/2025 08:00 - 13/12/2025 09:00,113.34855386541658
13/12/2025 09:00 - 13/12/2025 10:00,107.12725790259105
13/12/2025 10:00 - 13/12/2025 11:00,108.36365435338271
13/12/2025 11:00 - 13/12/2025 12:00,105.81058392044251
13/12/2025 12:00 - 13/12/2025 13:00,105.31226119664485
13/12/2025 13:00 - 13/12/2025 14:00,108.75301578803477
13/12/2025 14:00 - 13/12/2025 15:00,112.20785307344792
13/12/2025 15:00 - 13/12/2025 16:00,135.84597580968338
13/12/2025 16:00 - 13/12/2025 17:00,134.9047051126795
13/12/2025 17:00 - 13/12/2025 18:00,123.35814331673167
13/12/2025 18:00 - 13/12/2025 19:00,109.50001648907116
13/12/2025 19:00 - 13/12/2025 20:00,101.53500610714428
13/12/2025 20:00 - 13/12/2025 21:00,100.32023369798779
13/12/2025 21:00 - 13/12/2025 22:00,94.30378600140054
13/12/2025 22:00 - 13/12/2025 23:00,86.952941726684
13/12/2025 23:00 - 14/12/2025 00:00,85.01589548641624
14/12/2025 00:00 - 14/12/2025 01:00,81.0589931121811
14/12/2025 01:00 - 14/12/2025 02:00,74.23712323410481
14/12/2025 02:00 - 14/12/2025 03:00,73.50453564755915
14/12/2025 03:00 - 14/12/2025 04:00,72.88753340865188
14/12/2025 04:00 - 14/12/2025 05:00,72.19722585981066
14/12/2025 05:00 - 14/12/2025 06:00,67.05355059612143
14/12/2025 06:00 - 14/12/2025 07:00,67.95534580407596
14/12/2025 07:00 - 14/12/2025 08:00,80.93065705146452
14/12/2025 08:00 - 14/12/2025 09:00,85.35087830012692
14/12/2025 09:00 - 14/12/2025 10:00,83.27397648401482
14/12/2025 10:00 - 14/12/2025 11:00,87.26089546196002
14/12/2025 11:00 - 14/12/2025 12:00,86.1127133004317
14/12/2025 12:00 - 14/12/2025 13:00,87.36501759834857
14/12/2025 13:00 - 14/12/2025 14:00,90.85410250761822
14/12/2025 14:00 - 14/12/2025 15:00,96.44920116435378
14/12/2025 15:00 - 14/12/2025 16:00,104.53054024478202
14/12/2025 16:00 - 14/12/2025 17:00,106.75340783509824
14/12/2025 17:00 - 14/12/2025 18:00,100.5516031488486
14/12/2025 18:00 - 14/12/2025 19:00,94.7963111537698
14/12/2025 19:00 - 14/12/2025 20:00,87.93227572006347
14/12/2025 20:00 - 14/12/2025 21:00,86.41466888456961
14/12/2025 21:00 - 14/12/2025 22:00,82.81731162331499
14/12/2025 22:00 - 14/12/2025 23:00,66.07413600330284
14/12/2025 23:00 - 15/12/2025 00:00,76.22798524292028
15/12/2025 00:00 - 15/12/2025 01:00,72.92129930479904
15/12/2025 01:00 - 15/12/2025 02:00,63.86367095181663
15/12/2025 02:00 - 15/12/2025 03:00,56.5559368598295
15/12/2025 03:00 - 15/12/2025 04:00,65.99391202851265
15/12/2025 04:00 - 15/12/2025 05:00,75.08128149060514
15/12/2025 05:00 - 15/12/2025 06:00,84.68404369207735
15/12/2025 06:00 - 15/12/2025 07:00,94.88887527946251
15/12/2025 07:00 - 15/12/2025 08:00,110.84688936123968
15/12/2025 08:00 - 15/12/2025 09:00,107.69124181032205
15/12/2025 09:00 - 15/12/2025 10:00,96.96703414415651
15/12/2025 10:00 - 15/12/2025 11:00,95.26130406388086
15/12/2025 11:00 - 15/12/2025 12:00,96.58265336119224
15/12/2025 12:00 - 15/12/2025 13:00,101.9656988041869
15/12/2025 13:00 - 15/12/2025 14:00,107.50657472886373
15/12/2025 14:00 - 15/12/2025 15:00,119.10019163818085
15/12/2025 15:00 - 15/12/2025 16:00,119.50975071266531
15/12/2025 16:00 - 15/12/2025 17:00,118.81676389873942
15/12/2025 17:00 - 15/12/2025 18:00,115.09169022228915
15/12/2025 18:00 - 15/12/2025 19:00,106.4288745565496
15/12/2025 19:00 - 15/12/2025 20:00,93.29985772888648
15/12/2025 20:00 - 15/12/2025 21:00,92.32613993294943
15/12/2025 21:00 - 15/12/2025 22:00,90.56876341380077
15/12/2025 22:00 - 15/12/2025 23:00,81.672402966674
15/12/2025 23:00 - 16/12/2025 00:00,80.0857534153744
16/12/2025 00:00 - 16/12/2025 01:00,75.8974884465093
16/12/2025 01:00 - 16/12/2025 02:00,78.07338369631059
16/12/2025 02:00 - 16/12/2025 03:00,78.77997119488221
16/12/2025 03:00 - 16/12/2025 04:00,80.61211597160776
16/12/2025 04:00 - 16/12/2025 05:00,86.97609771356878
16/12/2025 05:00 - 16/12/2025 06:00,97.8832565200297
16/12/2025 06:00 - 16/12/2025 07:00,113.58731311461372
16/12/2025 07:00 - 16/12/2025 08:00,124.19880748034059
16/12/2025 08:00 - 16/12/2025 09:00,120.51076774239975
16/12/2025 09:00 - 16/12/2025 10:00,103.0036755230525
16/12/2025 10:00 - 16/12/2025 11:00,103.81718234871639
16/12/2025 11:00 - 16/12/2025 12:00,102.1655642874122
16/12/2025 12:00 - 16/12/2025 13:00,105.84967591441016
16/12/2025 13:00 - 16/12/2025 14:00,119.66771389771614
16/12/2025 14:00 - 16/12/2025 15:00,135.20838719521626
16/12/2025 15:00 - 16/12/2025 16:00,137.08966032266022
16/12/2025 16:00 - 16/12/2025 17:00,138.81487458259033
16/12/2025 17:00 - 16/12/2025 18:00,124.96346414787952
16/12/2025 18:00 - 16/12/2025 19:00,105.96124942884725
16/12/2025 19:00 - 16/12/2025 20:00,107.29362383371728
16/12/2025 20:00 - 16/12/2025 21:00,103.49376190841977
16/12/2025 21:00 - 16/12/2025 22:00,103.4875967377387
16/12/2025 22:00 - 16/12/2025 23:00,101.58309761366499
16/12/2025 23:00 - 17/12/2025 00:00,101.51534203380135
17/12/2025 00:00 - 17/12/2025 01:00,98.99281212888776
17/12/2025 01:00 - 17/12/2025 02:00,93.93651413581766
17/12/2025 02:00 - 17/12/2025 03:00,95.57918498832309
17/12/2025 03:00 - 17/12/2025 04:00,97.57774424909668
17/12/2025 04:00 - 17/12/2025 05:00,98.59190855569665
17/12/2025 05:00 - 17/12/2025 06:00,97.95099177283285
17/12/2025 06:00 - 17/12/2025 07:00,115.51140717504356
17/12/2025 07:00 - 17/12/2025 08:00,124.61970694542947
17/12/2025 08:00 - 17/12/2025 09:00,125.72390279028684
17/12/2025 09:00 - 17/12/2025 10:00,107.80114401864358
17/12/2025 10:00 - 17/12/2025 11:00,97.85902317317885
17/12/2025 11:00 - 17/12/2025 12:00,101.60052605590451
17/12/2025 12:00 - 17/12/2025 13:00,111.30643382909128
17/12/2025 13:00 - 17/12/2025 14:00,131.73657720465653
17/12/2025 14:00 - 17/12/2025 15:00,151.02337836421736
17/12/2025 15:00 - 17/12/2025 16:00,152.93931042618405
17/12/2025 16:00 - 17/12/2025 17:00,159.93326318144966
17/12/2025 17:00 - 17/12/2025 18:00,145.23411531776406
17/12/2025 18:00 - 17/12/2025 19:00,132.7305981155364
17/12/2025 19:00 - 17/12/2025 20:00,112.49105294337649
17/12/2025 20:00 - 17/12/2025 21:00,105.98585895794653
17/12/2025 21:00 - 17/12/2025 22:00,97.47545948003844
17/12/2025 22:00 - 17/12/2025 23:00,92.64327200630926
17/12/2025 23:00 - 18/12/2025 00:00,75.83127332737834
18/12/2025 00:00 - 18/12/2025 01:00,64.22283815275435
18/12/2025 01:00 - 18/12/2025 02:00,54.818507006172844
18/12/2025 02:00 - 18/12/2025 03:00,52.62263832784357
18/12/2025 03:00 - 18/12/2025 04:00,50.05276530141792
18/12/2025 04:00 - 18/12/2025 05:00,58.55800057928759
18/12/2025 05:00 - 18/12/2025 06:00,68.19135477126864
18/12/2025 06:00 - 18/12/2025 07:00,78.87515733257406
18/12/2025 07:00 - 18/12/2025 08:00,86.88475935946786
18/12/2025 08:00 - 18/12/2025 09:00,82.60420408344093
18/12/2025 09:00 - 18/12/2025 10:00,76.70484723354828
18/12/2025 10:00 - 18/12/2025 11:00,70.99050401079411
18/12/2025 11:00 - 18/12/2025 12:00,62.12578134338886
18/12/2025 12:00 - 18/12/2025 13:00,69.15079858052425
18/12/2025 13:00 - 18/12/2025 14:00,75.62166677899698
18/12/2025 14:00 - 18/12/2025 15:00,85.60996401722849
18/12/2025 15:00 - 18/12/2025 16:00,88.62280238456744
18/12/2025 16:00 - 18/12/2025 17:00,82.7946725399768
18/12/2025 17:00 - 18/12/2025 18:00,73.4244493177009
18/12/2025 18:00 - 18/12/2025 19:00,67.93341814074944
18/12/2025 19:00 - 18/12/2025 20:00,54.248162135217335
18/12/2025 20:00 - 18/12/2025 21:00,43.34131270260276
18/12/2025 21:00 - 18/12/2025 22:00,45.80160625880941
18/12/2025 22:00 - 18/12/2025 23:00,30.006015121475155
18/12/2025 23:00 - 19/12/2025 00:00,25.753473610894424
19/12/2025 00:00 - 19/12/2025 01:00,5.193502851326553
19/12/2025 01:00 - 19/12/2025 02:00,5.03640342579157
19/12/2025 02:00 - 19/12/2025 03:00,5.144535673405554
19/12/2025 03:00 - 19/12/2025 04:00,20.8818153462454
19/12/2025 04:00 - 19/12/2025 05:00,41.65016498861193
19/12/2025 05:00 - 19/12/2025 06:00,49.339678390589754
19/12/2025 06:00 - 19/12/2025 07:00,72.86152736780633
19/12/2025 07:00 - 19/12/2025 08:00,89.38866107428129
19/12/2025 08:00 - 19/12/2025 09:00,89.69864015381363
19/12/2025 09:00 - 19/12/2025 10:00,87.87115046613644
19/12/2025 10:00 - 19/12/2025 11:00,89.82446149354142
19/12/2025 11:00 - 19/12/2025 12:00,86.93597438225243
19/12/2025 12:00 - 19/12/2025 13:00,92.95261305373779
19/12/2025 13:00 - 19/12/2025 14:00,103.90806925221058
19/12/2025 14:00 - 19/12/2025 15:00,113.40754275167814
19/12/2025 15:00 - 19/12/2025 16:00,121.63236778331724
19/12/2025 16:00 - 19/12/2025 17:00,121.56384981658343
19/12/2025 17:00 - 19/12/2025 18:00,114.25557516926632
19/12/2025 18:00 - 19/12/2025 19:00,110.53732343615775
19/12/2025 19:00 - 19/12/2025 20:00,98.58417917317473
19/12/2025 20:00 - 19/12/2025 21:00,95.25106094629484
19/12/2025 21:00 - 19/12/2025 22:00,87.75562565891181
19/12/2025 22:00 - 19/12/2025 23:00,81.34696816132097
19/12/2025 23:00 - 20/12/2025 00:00,82.487072618877
20/12/2025 00:00 - 20/12/2025 01:00,81.92553064897254
20/12/2025 01:00 - 20/12/2025 02:00,79.22420049128664
20/12/2025 02:00 - 20/12/2025 03:00,80.84276586961579
20/12/2025 03:00 - 20/12/2025 04:00,81.11256486240453
20/12/2025 04:00 - 20/12/2025 05:00,82.57442137306663
20/12/2025 05:00 - 20/12/2025 06:00,81.0696356689437
20/12/2025 06:00 - 20/12/2025 07:00,90.33287721565848
20/12/2025 07:00 - 20/12/2025 08:00,105.41557002165547
20/12/2025 08:00 - 20/12/2025 09:00,114.18731190063389
20/12/2025 09:00 - 20/12/2025 10:00,105.34842945309269
20/12/2025 10:00 - 20/12/2025 11:00,102.6010002593106
20/12/2025 11:00 - 20/12/2025 12:00,98.76791290587803
20/12/2025 12:00 - 20/12/2025 13:00,98.47741294797257
20/12/2025 13:00 - 20/12/2025 14:00,110.24811080428586
20/12/2025 14:00 - 20/12/2025 15:00,126.96623227984577
20/12/2025 15:00 - 20/12/2025 16:00,133.74632839558373
20/12/2025 16:00 - 20/12/2025 17:00,134.9584995900898
20/12/2025 17:00 - 20/12/2025 18:00,131.44355362689302
20/12/2025 18:00 - 20/12/2025 19:00,122.0505767047504
20/12/2025 19:00 - 20/12/2025 20:00,111.08260713805338
20/12/2025 20:00 - 20/12/2025 21:00,103.04652088344781
20/12/2025 21:00 - 20/12/2025 22:00,101.39678021897237
20/12/2025 22:00 - 20/12/2025 23:00,89.51537369699247
20/12/2025 23:00 - 21/12/2025 00:00,89.19046776090616
21/12/2025 00:00 - 21/12/2025 01:00,87.31199341512792
21/12/2025 01:00 - 21/12/2025 02:00,84.32495598490871
21/12/2025 02:00 - 21/12/2025 03:00,85.54206575950067
21/12/2025 03:00 - 21/12/2025 04:00,82.7879797061205
21/12/2025 04:00 - 21/12/2025 05:00,84.79704695505123
21/12/2025 05:00 - 21/12/2025 06:00,84.54555945219866
21/12/2025 06:00 - 21/12/2025 07:00,89.04599516453425
21/12/2025 07:00 - 21/12/2025 08:00,94.35803544577047
21/12/2025 08:00 - 21/12/2025 09:00,90.3149065624133
21/12/2025 09:00 - 21/12/2025 10:00,88.26839688015073
21/12/2025 10:00 - 21/12/2025 11:00,86.11295842974263
21/12/2025 11:00 - 21/12/2025 12:00,79.36095261841811
21/12/2025 12:00 - 21/12/2025 13:00,79.95789647605093
21/12/2025 13:00 - 21/12/2025 14:00,86.56951407473035
21/12/2025 14:00 - 21/12/2025 15:00,92.23182387522044
21/12/2025 15:00 - 21/12/2025 16:00,91.59159958707626
21/12/2025 16:00 - 21/12/2025 17:00,90.76476122463471
21/12/2025 17:00 - 21/12/2025 18:00,81.85861120505535
21/12/2025 18:00 - 21/12/2025 19:00,75.3319519855408
21/12/2025 19:00 - 21/12/2025 20:00,62.969910550224796
21/12/2025 20:00 - 21/12/2025 21:00,54.18609309751102
21/12/2025 21:00 - 21/12/2025 22:00,55.97006623825979
21/12/2025 22:00 - 21/12/2025 23:00,51.423173306542466
21/12/2025 23:00 - 22/12/2025 00:00,48.71614126166
22/12/2025 00:00 - 22/12/2025 01:00,42.7473830202577
22/12/2025 01:00 - 22/12/2025 02:00,39.86283332185401
22/12/2025 02:00 - 22/12/2025 03:00,40.85206168301812
22/12/2025 03:00 - 22/12/2025 04:00,46.263811517984024
22/12/2025 04:00 - 22/12/2025 05:00,50.871891908762095
22/12/2025 05:00 - 22/12/2025 06:00,62.27330473961263
22/12/2025 06:00 - 22/12/2025 07:00,80.45712665662485
22/12/2025 07:00 - 22/12/2025 08:00,91.34966996979807
22/12/2025 08:00 - 22/12/2025 09:00,92.19540061148618
22/12/2025 09:00 - 22/12/2025 10:00,95.57011608540287
22/12/2025 10:00 - 22/12/2025 11:00,93.46337989035955
22/12/2025 11:00 - 22/12/2025 12:00,95.65995467978672
22/12/2025 12:00 - 22/12/2025 13:00,94.84540091133374
22/12/2025 13:00 - 22/12/2025 14:00,96.57010621159843
22/12/2025 14:00 - 22/12/2025 15:00,100.64310457642178
22/12/2025 15:00 - 22/12/2025 16:00,107.88864724958702
22/12/2025 16:00 - 22/12/2025 17:00,101.20941790028007
22/12/2025 17:00 - 22/12/2025 18:00,98.7077489286982
22/12/2025 18:00 - 22/12/2025 19:00,92.52113623449837
22/12/2025 19:00 - 22/12/2025 20:00,88.89659640017078
22/12/2025 20:00 - 22/12/2025 21:00,84.88725646234984
22/12/2025 21:00 - 22/12/2025 22:00,86.60981688785041
22/12/2025 22:00 - 22/12/2025 23:00,76.6519842798338
22/12/2025 23:00 - 23/12/2025 00:00,57.35044461747299
23/12/2025 00:00 - 23/12/2025 01:00,48.84583879505685
23/12/2025 01:00 - 23/12/2025 02:00,46.37063205754228
23/12/2025 02:00 - 23/12/2025 03:00,43.881721646591814
23/12/2025 03:00 - 23/12/2025 04:00,44.463722091525966
23/12/2025 04:00 - 23/12/2025 05:00,46.494905774974974
23/12/2025 05:00 - 23/12/2025 06:00,54.95465036383639
23/12/2025 06:00 - 23/12/2025 07:00,71.69716742495494
23/12/2025 07:00 - 23/12/2025 08:00,81.25450629312415
23/12/2025 08:00 - 23/12/2025 09:00,82.04755768276094
23/12/2025 09:00 - 23/12/2025 10:00,82.91128726666523
23/12/2025 10:00 - 23/12/2025 11:00,75.50033258600097
23/12/2025 11:00 - 23/12/2025 12:00,75.01385776834864
23/12/2025 12:00 - 23/12/2025 13:00,75.17978729088033
23/12/2025 13:00 - 23/12/2025 14:00,79.02646235448461
23/12/2025 14:00 - 23/12/2025 15:00,80.40544089447226
23/12/2025 15:00 - 23/12/2025 16:00,80.89447151788085
23/12/2025 16:00 - 23/12/2025 17:00,85.08343600832326
23/12/2025 17:00 - 23/12/2025 18:00,83.91444246868457
23/12/2025 18:00 - 23/12/2025 19:00,77.74676658014144
23/12/2025 19:00 - 23/12/2025 20:00,58.96396632339369
23/12/2025 20:00 - 23/12/2025 21:00,52.32845064390841
23/12/2025 21:00 - 23/12/2025 22:00,49.915665430259324
23/12/2025 22:00 - 23/12/2025 23:00,36.12395537842034
23/12/2025 23:00 - 24/12/2025 00:00,28.51481776124446
24/12/2025 00:00 - 24/12/2025 01:00,21.23303869524938
24/12/2025 01:00 - 24/12/2025 02:00,17.215353565316626
24/12/2025 02:00 - 24/12/2025 03:00,18.01938888305077
24/12/2025 03:00 - 24/12/2025 04:00,18.01938888305077
24/12/2025 04:00 - 24/12/2025 05:00,27.990960537861014
24/12/2025 05:00 - 24/12/2025 06:00,33.64787746696041
24/12/2025 06:00 - 24/12/2025 07:00,48.61372351687611
24/12/2025 07:00 - 24/12/2025 08:00,64.12139069420648
24/12/2025 08:00 - 24/12/2025 09:00,61.89240351537249
24/12/2025 09:00 - 24/12/2025 10:00,60.73829262078655
24/12/2025 10:00 - 24/12/2025 11:00,53.80240085193047
24/12/2025 11:00 - 24/12/2025 12:00,47.05247761914977
24/12/2025 12:00 - 24/12/2025 13:00,47.18342703290389
24/12/2025 13:00 - 24/12/2025 14:00,57.79778217287834
24/12/2025 14:00 - 24/12/2025 15:00,60.90003308110148
24/12/2025 15:00 - 24/12/2025 16:00,60.64494988625356
24/12/2025 16:00 - 24/12/2025 17:00,60.239275344841666
24/12/2025 17:00 - 24/12/2025 18:00,61.02484982236854
24/12/2025 18:00 - 24/12/2025 19:00,54.47027223848496
24/12/2025 19:00 - 24/12/2025 20:00,50.09106314925073
24/12/2025 20:00 - 24/12/2025 21:00,52.65505819170677
24/12/2025 21:00 - 24/12/2025 22:00,56.110141913231594
24/12/2025 22:00 - 24/12/2025 23:00,53.19050509069822
24/12/2025 23:00 - 25/12/2025 00:00,52.72748056171924
25/12/2025 00:00 - 25/12/2025 01:00,42.46020784467054
25/12/2025 01:00 - 25/12/2025 02:00,37.926245248721706
25/12/2025 02:00 - 25/12/2025 03:00,37.63580934799877
25/12/2025 03:00 - 25/12/2025 04:00,39.95206762748914
25/12/2025 04:00 - 25/12/2025 05:00,40.36448178192133
25/12/2025 05:00 - 25/12/2025 06:00,40.16703416848651
25/12/2025 06:00 - 25/12/2025 07:00,52.17644884608317
25/12/2025 07:00 - 25/12/2025 08:00,65.98414825871355
25/12/2025 08:00 - 25/12/2025 09:00,75.2695194578213
25/12/2025 09:00 - 25/12/2025 10:00,68.40859009260036
25/12/2025 10:00 - 25/12/2025 11:00,64.45337337477852
25/12/2025 11:00 - 25/12/2025 12:00,55.92940105376825
25/12/2025 12:00 - 25/12/2025 13:00,55.99672596409098
25/12/2025 13:00 - 25/12/2025 14:00,81.73773814289996
25/12/2025 14:00 - 25/12/2025 15:00,105.38182050666663
25/12/2025 15:00 - 25/12/2025 16:00,104.99497406520601
25/12/2025 16:00 - 25/12/2025 17:00,102.50532901933053
25/12/2025 17:00 - 25/12/2025 18:00,92.85203869753148
25/12/2025 18:00 - 25/12/2025 19:00,91.94981901484807
25/12/2025 19:00 - 25/12/2025 20:00,84.90072353039866
25/12/2025 20:00 - 25/12/2025 21:00,83.20111667039805
25/12/2025 21:00 - 25/12/2025 22:00,86.29938370001092
25/12/2025 22:00 - 25/12/2025 23:00,81.1375279596238
25/12/2025 23:00 - 26/12/2025 00:00,78.6276339481318
26/12/2025 00:00 - 26/12/2025 01:00,74.99612116834375
26/12/2025 01:00 - 26/12/2025 02:00,74.13718317374938
26/12/2025 02:00 - 26/12/2025 03:00,72.69992456480898
26/12/2025 03:00 - 26/12/2025 04:00,72.69992456480898
26/12/2025 04:00 - 26/12/2025 05:00,73.13711546857579
26/12/2025 05:00 - 26/12/2025 06:00,73.06147246556876
26/12/2025 06:00 - 26/12/2025 07:00,81.09657114296121
26/12/2025 07:00 - 26/12/2025 08:00,92.03005028114195
26/12/2025 08:00 - 26/12/2025 09:00,90.84199600201593
26/12/2025 09:00 - 26/12/2025 10:00,82.59584167985251
26/12/2025 10:00 - 26/12/2025 11:00,76.01360417736542
26/12/2025 11:00 - 26/12/2025 12:00,73.58113828095932
26/12/2025 12:00 - 26/12/2025 13:00,79.64571448015207
26/12/2025 13:00 - 26/12/2025 14:00,89.16549898860909
26/12/2025 14:00 - 26/12/2025 15:00,104.94642962219419
26/12/2025 15:00 - 26/12/2025 16:00,108.0070216959625
26/12/2025 16:00 - 26/12/2025 17:00,111.40355353843097
26/12/2025 17:00 - 26/12/2025 18:00,111.77598615476359
26/12/2025 18:00 - 26/12/2025 19:00,107.37152505430474
26/12/2025 19:00 - 26/12/2025 20:00,103.64198731715818
26/12/2025 20:00 - 26/12/2025 21:00,100.16814526094481
26/12/2025 21:00 - 26/12/2025 22:00,101.21376591749791
26/12/2025 22:00 - 26/12/2025 23:00,95.65205957845512
26/12/2025 23:00 - 27/12/2025 00:00,95.4655851090327
27/12/2025 00:00 - 27/12/2025 01:00,92.22882064623253
27/12/2025 01:00 - 27/12/2025 02:00,89.13275705303025
27/12/2025 02:00 - 27/12/2025 03:00,87.40437025086726
27/12/2025 03:00 - 27/12/2025 04:00,87.0795507865808
27/12/2025 04:00 - 27/12/2025 05:00,85.57426501751539
27/12/2025 05:00 - 27/12/2025 06:00,87.4368084893297
27/12/2025 06:00 - 27/12/2025 07:00,92.19141039186442
27/12/2025 07:00 - 27/12/2025 08:00,99.58429922963981
27/12/2025 08:00 - 27/12/2025 09:00,94.86428508399462
27/12/2025 09:00 - 27/12/2025 10:00,82.02600455808405
27/12/2025 10:00 - 27/12/2025 11:00,68.89151028212686
27/12/2025 11:00 - 27/12/2025 12:00,65.57368190053461
27/12/2025 12:00 - 27/12/2025 13:00,65.75383136674495
27/12/2025 13:00 - 27/12/2025 14:00,79.5046699953738
27/12/2025 14:00 - 27/12/2025 15:00,90.40695054817067
27/12/2025 15:00 - 27/12/2025 16:00,101.04467306957278
27/12/2025 16:00 - 27/12/2025 17:00,104.47384603033663
27/12/2025 17:00 - 27/12/2025 18:00,104.12655312317904
27/12/2025 18:00 - 27/12/2025 19:00,96.46658156442444
27/12/2025 19:00 - 27/12/2025 20:00,93.26055554235523
27/12/2025 20:00 - 27/12/2025 21:00,97.51506679572279
27/12/2025 21:00 - 27/12/2025 22:00,97.47581809950005
27/12/2025 22:00 - 27/12/2025 23:00,95.08181463717693
27/12/2025 23:00 - 28/12/2025 00:00,93.15463247526108
28/12/2025 00:00 - 28/12/2025 01:00,83.8859298980629
28/12/2025 01:00 - 28/12/2025 02:00,73.54013232603253
28/12/2025 02:00 - 28/12/2025 03:00,80.90354331955213
28/12/2025 03:00 - 28/12/2025 04:00,88.84625760240387
28/12/2025 04:00 - 28/12/2025 05:00,90.53888127690902
28/12/2025 05:00 - 28/12/2025 06:00,90.96302685333632
28/12/2025 06:00 - 28/12/2025 07:00,102.047179428921
28/12/2025 07:00 - 28/12/2025 08:00,106.78641919995579
28/12/2025 08:00 - 28/12/2025 09:00,105.44662882670093
28/12/2025 09:00 - 28/12/2025 10:00,99.25057817945557
28/12/2025 10:00 - 28/12/2025 11:00,96.56414872741524
28/12/2025 11:00 - 28/12/2025 12:00,94.53451998090163
28/12/2025 12:00 - 28/12/2025 13:00,89.3323966994555
28/12/2025 13:00 - 28/12/2025 14:00,97.94967415011547
28/12/2025 14:00 - 28/12/2025 15:00,102.87233379368188
28/12/2025 15:00 - 28/12/2025 16:00,112.25735453959078
28/12/2025 16:00 - 28/12/2025 17:00,113.12276462354008
28/12/2025 17:00 - 28/12/2025 18:00,109.85595051227416
28/12/2025 18:00 - 28/12/2025 19:00,105.82125512648027
28/12/2025 19:00 - 28/12/2025 20:00,103.8351589741662
28/12/2025 20:00 - 28/12/2025 21:00,96.65467411319895
28/12/2025 21:00 - 28/12/2025 22:00,91.63267231330272
28/12/2025 22:00 - 28/12/2025 23:00,83.36855803136135
28/12/2025 23:00 - 29/12/2025 00:00,69.91681500432043
29/12/2025 00:00 - 29/12/2025 01:00,62.83019587007816
29/12/2025 01:00 - 29/12/2025 02:00,58.70935073486679
29/12/2025 02:00 - 29/12/2025 03:00,57.6971461633817
29/12/2025 03:00 - 29/12/2025 04:00,58.60637446045712
29/12/2025 04:00 - 29/12/2025 05:00,67.66277224121237
29/12/2025 05:00 - 29/12/2025 06:00,77.12326406786366
29/12/2025 06:00 - 29/12/2025 07:00,90.89962787978703
29/12/2025 07:00 - 29/12/2025 08:00,93.85665298470542
29/12/2025 08:00 - 29/12/2025 09:00,95.3726184036233
29/12/2025 09:00 - 29/12/2025 10:00,86.34728626554818
29/12/2025 10:00 - 29/12/2025 11:00,84.80584523464515
29/12/2025 11:00 - 29/12/2025 12:00,75.0883701968434
29/12/2025 12:00 - 29/12/2025 13:00,74.8916589378282
29/12/2025 13:00 - 29/12/2025 14:00,80.94238416046787
29/12/2025 14:00 - 29/12/2025 15:00,94.00309475461147
29/12/2025 15:00 - 29/12/2025 16:00,99.88719771190874
29/12/2025 16:00 - 29/12/2025 17:00,100.49230496680408
29/12/2025 17:00 - 29/12/2025 18:00,101.14618103525447
29/12/2025 18:00 - 29/12/2025 19:00,98.05109214981391
29/12/2025 19:00 - 29/12/2025 20:00,88.83835533866029
29/12/2025 20:00 - 29/12/2025 21:00,81.20071346812932
29/12/2025 21:00 - 29/12/2025 22:00,81.06582652041902
29/12/2025 22:00 - 29/12/2025 23:00,77.01175949987801
29/12/2025 23:00 - 30/12/2025 00:00,59.899915716406454
30/12/2025 00:00 - 30/12/2025 01:00,51.09302282080091
30/12/2025 01:00 - 30/12/2025 02:00,50.596115562388334
30/12/2025 02:00 - 30/12/2025 03:00,49.628191951774795
30/12/2025 03:00 - 30/12/2025 04:00,50.181362519809454
30/12/2025 04:00 - 30/12/2025 05:00,55.49797041402799
30/12/2025 05:00 - 30/12/2025 06:00,75.9561949686203
30/12/2025 06:00 - 30/12/2025 07:00,86.44343153166275
30/12/2025 07:00 - 30/12/2025 08:00,95.58637484824227
30/12/2025 08:00 - 30/12/2025 09:00,95.22256073538554
30/12/2025 09:00 - 30/12/2025 10:00,91.09717278676607
30/12/2025 10:00 - 30/12/2025 11:00,80.10898361198183
30/12/2025 11:00 - 30/12/2025 12:00,71.33609823893663
30/12/2025 12:00 - 30/12/2025 13:00,71.24022866747832
30/12/2025 13:00 - 30/12/2025 14:00,85.71316853035748
30/12/2025 14:00 - 30/12/2025 15:00,102.2044791458422
30/12/2025 15:00 - 30/12/2025 16:00,114.69067973800668
30/12/2025 16:00 - 30/12/2025 17:00,113.65721703401246
30/12/2025 17:00 - 30/12/2025 18:00,110.80436992732217
30/12/2025 18:00 - 30/12/2025 19:00,103.6673269298507
30/12/2025 19:00 - 30/12/2025 20:00,102.21354248629211
30/12/2025 20:00 - 30/12/2025 21:00,94.61183940424536
30/12/2025 21:00 - 30/12/2025 22:00,92.67212156242228
30/12/2025 22:00 - 30/12/2025 23:00,88.72423759910598
30/12/2025 23:00 - 31/12/2025 00:00,78.95130400197303
31/12/2025 00:00 - 31/12/2025 01:00,66.04333249217031
31/12/2025 01:00 - 31/12/2025 02:00,49.8534878893891
31/12/2025 02:00 - 31/12/2025 03:00,45.50854991001831
31/12/2025 03:00 - 31/12/2025 04:00,48.39999528012335
31/12/2025 04:00 - 31/12/2025 05:00,51.555385843838636
31/12/2025 05:00 - 31/12/2025 06:00,58.273159507656835
31/12/2025 06:00 - 31/12/2025 07:00,62.34098401804046
31/12/2025 07:00 - 31/12/2025 08:00,73.338337602338
31/12/2025 08:00 - 31/12/2025 09:00,75.2529143626913
31/12/2025 09:00 - 31/12/2025 10:00,62.53015620154177
31/12/2025 10:00 - 31/12/2025 11:00,44.58511233946301
31/12/2025 11:00 - 31/12/2025 12:00,32.10075648249763
31/12/2025 12:00 - 31/12/2025 13:00,26.564049943139494
31/12/2025 13:00 - 31/12/2025 14:00,41.82308461924505
31/12/2025 14:00 - 31/12/2025 15:00,70.0669270846225
31/12/2025 15:00 - 31/12/2025 16:00,80.74898451531732
31/12/2025 16:00 - 31/12/2025 17:00,91.15714051996375
31/12/2025 17:00 - 31/12/2025 18:00,88.64235362509118
31/12/2025 18:00 - 31/12/2025 19:00,85.38565686287076
31/12/2025 19:00 - 31/12/2025 20:00,73.30234689607644
31/12/2025 20:00 - 31/12/2025 21:00,62.97819012031346
31/12/2025 21:00 - 31/12/2025 22:00,58.481714204495276
31/12/2025 22:00 - 31/12/2025 23:00,47.588018911977684
31/12/2025 23:00 - 01/01/2026 00:00,31.499127381298376
01/01/2026 00:00 - 01/01/2026 01:00,72.39340601722482
01/01/2026 01:00 - 01/01/2026 02:00,53.95135309325251
01/01/2026 02:00 - 01/01/2026 03:00,49.0966968370555
01/01/2026 03:00 - 01/01/2026 04:00,50.36329197795175
01/01/2026 04:00 - 01/01/2026 05:00,54.64863610929262
01/01/2026 05:00 - 01/01/2026 06:00,61.06857964635185
01/01/2026 06:00 - 01/01/2026 07:00,64.46100976172822
01/01/2026 07:00 - 01/01/2026 08:00,78.8268077946518
01/01/2026 08:00 - 01/01/2026 09:00,79.63704599753872
01/01/2026 09:00 - 01/01/2026 10:00,66.27694670009787
01/01/2026 10:00 - 01/01/2026 11:00,48.74799771381588
01/01/2026 11:00 - 01/01/2026 12:00,34.393955126157
01/01/2026 12:00 - 01/01/2026 13:00,28.770905441887447
01/01/2026 13:00 - 01/01/2026 14:00,44.74966927969257
01/01/2026 14:00 - 01/01/2026 15:00,73.67312960233379
01/01/2026 15:00 - 01/01/2026 16:00,86.33634190177432
01/01/2026 16:00 - 01/01/2026 17:00,94.91256683055411
01/01/2026 17:00 - 01/01/2026 18:00,94.85864710066818
01/01/2026 18:00 - 01/01/2026 19:00,90.48519623557337
01/01/2026 19:00 - 01/01/2026 20:00,73.63881640214679
01/01/2026 20:00 - 01/01/2026 21:00,61.05427664097545
01/01/2026 21:00 - 01/01/2026 22:00,59.19541105880841
01/01/2026 22:00 - 01/01/2026 23:00,50.29598941554603
